iter,id,A_AGE,PEMLR,SS_YN,class,rreg,rpred,creg,tpred,coord,tpos,treg
2,1,24,1,2,0,2, {0},0,{0},"(24, 1, 2)","(0, 0)",0
2,2,58,7,2,0,2, {0},0,{0},"(58, 7, 2)","(0, 0)",0
2,3,24,1,2,0,2, {0},0,{0},"(24, 1, 2)","(0, 0)",0
2,4,40,7,2,0,2, {0},0,{0},"(40, 7, 2)","(0, 0)",0
2,5,24,1,2,0,2, {0},0,{0},"(24, 1, 2)","(0, 0)",0
2,6,26,1,2,0,2, {0},0,{0},"(26, 1, 2)","(0, 0)",0
2,7,18,7,2,0,2, {0},0,{0},"(18, 7, 2)","(0, 0)",0
2,8,4,0,0,0,38, {1},9,"{0, 1, 2, 3, 4}","(4, 0, 0)","(3, 2)",11
2,9,38,3,2,0,2, {0},0,{0},"(38, 3, 2)","(0, 0)",0
2,10,12,0,0,0,38, {1},9,"{0, 1, 2, 3, 4}","(12, 0, 0)","(3, 2)",11
2,11,46,7,2,0,2, {0},0,{0},"(46, 7, 2)","(0, 0)",0
2,12,26,1,2,0,2, {0},0,{0},"(26, 1, 2)","(0, 0)",0
2,13,35,7,2,0,2, {0},0,{0},"(35, 7, 2)","(0, 0)",0
2,14,19,7,2,0,2, {0},0,{0},"(19, 7, 2)","(0, 0)",0
2,15,29,4,2,0,14, {2},3,{2},"(29, 4, 2)","(3, 0)",3
2,16,24,0,2,0,14, {2},3,{2},"(24, 0, 2)","(3, 0)",3
2,17,35,1,2,0,2, {0},0,{0},"(35, 1, 2)","(0, 0)",0
2,18,48,1,2,0,2, {0},0,{0},"(48, 1, 2)","(0, 0)",0
2,19,41,1,2,0,2, {0},0,{0},"(41, 1, 2)","(0, 0)",0
2,20,10,0,0,0,38, {1},9,"{0, 1, 2, 3, 4}","(10, 0, 0)","(3, 2)",11
2,21,85,5,1,1,22, {4},5,"{0, 1, 2, 3, 4}","(85, 5, 1)","(2, 1)",6
2,22,74,5,1,1,22, {4},5,"{0, 1, 2, 3, 4}","(74, 5, 1)","(2, 1)",6
2,23,64,5,1,1,22, {4},5,"{0, 1, 2, 3, 4}","(64, 5, 1)","(2, 1)",6
2,24,73,5,1,1,22, {4},5,"{0, 1, 2, 3, 4}","(73, 5, 1)","(2, 1)",6
2,25,15,7,2,1,2, {0},0,{0},"(15, 7, 2)","(0, 0)",0
2,26,5,0,0,1,38, {1},9,"{0, 1, 2, 3, 4}","(5, 0, 0)","(3, 2)",11
2,27,4,0,0,1,38, {1},9,"{0, 1, 2, 3, 4}","(4, 0, 0)","(3, 2)",11
2,28,10,0,0,1,38, {1},9,"{0, 1, 2, 3, 4}","(10, 0, 0)","(3, 2)",11
2,29,54,6,1,1,26, {1},6,{4},"(54, 6, 1)","(3, 1)",7
2,30,3,0,0,1,38, {1},9,"{0, 1, 2, 3, 4}","(3, 0, 0)","(3, 2)",11
2,31,45,3,2,1,2, {0},0,{0},"(45, 3, 2)","(0, 0)",0
2,32,28,1,2,1,2, {0},0,{0},"(28, 1, 2)","(0, 0)",0
2,33,17,4,1,1,26, {1},6,{4},"(17, 4, 1)","(3, 1)",7
2,34,57,1,2,1,2, {0},0,{0},"(57, 1, 2)","(0, 0)",0
2,35,77,6,1,1,26, {1},6,{4},"(77, 6, 1)","(3, 1)",7
2,36,5,0,0,1,38, {1},9,"{0, 1, 2, 3, 4}","(5, 0, 0)","(3, 2)",11
2,37,80,5,1,1,22, {4},5,"{0, 1, 2, 3, 4}","(80, 5, 1)","(2, 1)",6
2,38,16,1,2,1,2, {0},0,{0},"(16, 1, 2)","(0, 0)",0
2,39,57,7,2,1,2, {0},0,{0},"(57, 7, 2)","(0, 0)",0
2,40,21,7,1,1,14, {2},3,{2},"(21, 7, 1)","(0, 1)",4
2,41,56,4,2,2,14, {2},3,{2},"(56, 4, 2)","(3, 0)",3
2,42,64,5,2,2,10, {2},2,{2},"(64, 5, 2)","(2, 0)",2
2,43,38,2,2,2,14, {2},3,{2},"(38, 2, 2)","(3, 0)",3
2,44,79,1,1,2,14, {2},3,{2},"(79, 1, 1)","(0, 1)",4
2,45,57,7,2,2,2, {0},0,{0},"(57, 7, 2)","(0, 0)",0
2,46,65,1,2,2,2, {0},0,{0},"(65, 1, 2)","(0, 0)",0
2,47,5,0,0,2,38, {1},9,"{0, 1, 2, 3, 4}","(5, 0, 0)","(3, 2)",11
2,48,76,5,1,2,22, {4},5,"{0, 1, 2, 3, 4}","(76, 5, 1)","(2, 1)",6
2,49,49,1,2,2,2, {0},0,{0},"(49, 1, 2)","(0, 0)",0
2,50,37,2,2,2,14, {2},3,{2},"(37, 2, 2)","(3, 0)",3
2,51,2,0,0,2,38, {1},9,"{0, 1, 2, 3, 4}","(2, 0, 0)","(3, 2)",11
2,52,41,1,2,2,2, {0},0,{0},"(41, 1, 2)","(0, 0)",0
2,53,67,1,1,2,14, {2},3,{2},"(67, 1, 1)","(0, 1)",4
2,54,67,5,1,2,22, {4},5,"{0, 1, 2, 3, 4}","(67, 5, 1)","(2, 1)",6
2,55,63,5,2,2,10, {2},2,{2},"(63, 5, 2)","(2, 0)",2
2,56,85,5,1,2,22, {4},5,"{0, 1, 2, 3, 4}","(85, 5, 1)","(2, 1)",6
2,57,19,1,2,2,2, {0},0,{0},"(19, 1, 2)","(0, 0)",0
2,58,70,2,1,2,26, {1},6,{4},"(70, 2, 1)","(3, 1)",7
2,59,38,1,2,2,2, {0},0,{0},"(38, 1, 2)","(0, 0)",0
2,60,56,6,1,2,26, {1},6,{4},"(56, 6, 1)","(3, 1)",7
2,61,29,1,2,3,2, {0},0,{0},"(29, 1, 2)","(0, 0)",0
2,62,26,1,2,3,2, {0},0,{0},"(26, 1, 2)","(0, 0)",0
2,63,59,1,2,3,2, {0},0,{0},"(59, 1, 2)","(0, 0)",0
2,64,63,1,1,3,14, {2},3,{2},"(63, 1, 1)","(0, 1)",4
2,65,14,0,0,3,38, {1},9,"{0, 1, 2, 3, 4}","(14, 0, 0)","(3, 2)",11
2,66,22,4,2,3,14, {2},3,{2},"(22, 4, 2)","(3, 0)",3
2,67,25,7,2,3,2, {0},0,{0},"(25, 7, 2)","(0, 0)",0
2,68,18,1,2,3,2, {0},0,{0},"(18, 1, 2)","(0, 0)",0
2,69,25,1,2,3,2, {0},0,{0},"(25, 1, 2)","(0, 0)",0
2,70,46,1,2,3,2, {0},0,{0},"(46, 1, 2)","(0, 0)",0
2,71,40,1,2,3,2, {0},0,{0},"(40, 1, 2)","(0, 0)",0
2,72,29,4,2,3,14, {2},3,{2},"(29, 4, 2)","(3, 0)",3
2,73,33,1,2,3,2, {0},0,{0},"(33, 1, 2)","(0, 0)",0
2,74,4,0,0,3,38, {1},9,"{0, 1, 2, 3, 4}","(4, 0, 0)","(3, 2)",11
2,75,12,0,0,3,38, {1},9,"{0, 1, 2, 3, 4}","(12, 0, 0)","(3, 2)",11
2,76,51,7,2,3,2, {0},0,{0},"(51, 7, 2)","(0, 0)",0
2,77,29,1,2,3,2, {0},0,{0},"(29, 1, 2)","(0, 0)",0
2,78,7,0,0,3,38, {1},9,"{0, 1, 2, 3, 4}","(7, 0, 0)","(3, 2)",11
2,79,51,1,2,3,2, {0},0,{0},"(51, 1, 2)","(0, 0)",0
2,80,41,1,2,3,2, {0},0,{0},"(41, 1, 2)","(0, 0)",0
2,81,78,5,2,4,10, {2},2,{2},"(78, 5, 2)","(2, 0)",2
2,82,60,2,2,4,14, {2},3,{2},"(60, 2, 2)","(3, 0)",3
2,83,27,1,2,4,2, {0},0,{0},"(27, 1, 2)","(0, 0)",0
2,84,65,1,2,4,2, {0},0,{0},"(65, 1, 2)","(0, 0)",0
2,85,22,1,2,4,2, {0},0,{0},"(22, 1, 2)","(0, 0)",0
2,86,42,1,2,4,2, {0},0,{0},"(42, 1, 2)","(0, 0)",0
2,87,73,5,1,4,22, {4},5,"{0, 1, 2, 3, 4}","(73, 5, 1)","(2, 1)",6
2,88,45,1,2,4,2, {0},0,{0},"(45, 1, 2)","(0, 0)",0
2,89,26,1,2,4,2, {0},0,{0},"(26, 1, 2)","(0, 0)",0
2,90,76,5,1,4,22, {4},5,"{0, 1, 2, 3, 4}","(76, 5, 1)","(2, 1)",6
2,91,77,5,1,4,22, {4},5,"{0, 1, 2, 3, 4}","(77, 5, 1)","(2, 1)",6
2,92,27,1,2,4,2, {0},0,{0},"(27, 1, 2)","(0, 0)",0
2,93,71,1,1,4,14, {2},3,{2},"(71, 1, 1)","(0, 1)",4
2,94,70,5,1,4,22, {4},5,"{0, 1, 2, 3, 4}","(70, 5, 1)","(2, 1)",6
2,95,78,5,1,4,22, {4},5,"{0, 1, 2, 3, 4}","(78, 5, 1)","(2, 1)",6
2,96,67,7,1,4,14, {2},3,{2},"(67, 7, 1)","(0, 1)",4
2,97,71,5,1,4,22, {4},5,"{0, 1, 2, 3, 4}","(71, 5, 1)","(2, 1)",6
2,98,66,5,1,4,22, {4},5,"{0, 1, 2, 3, 4}","(66, 5, 1)","(2, 1)",6
2,99,67,5,1,4,22, {4},5,"{0, 1, 2, 3, 4}","(67, 5, 1)","(2, 1)",6
2,100,61,1,2,4,2, {0},0,{0},"(61, 1, 2)","(0, 0)",0
3,1,24,1,2,0,2, {0},0,{0},"(24, 1, 2)","(0, 0)",0
3,2,58,7,2,0,2, {0},0,{0},"(58, 7, 2)","(0, 0)",0
3,3,24,1,2,0,2, {0},0,{0},"(24, 1, 2)","(0, 0)",0
3,4,40,7,2,0,2, {0},0,{0},"(40, 7, 2)","(0, 0)",0
3,5,24,1,2,0,2, {0},0,{0},"(24, 1, 2)","(0, 0)",0
3,6,26,1,2,0,2, {0},0,{0},"(26, 1, 2)","(0, 0)",0
3,7,18,7,2,0,2, {0},0,{0},"(18, 7, 2)","(0, 0)",0
3,8,4,0,0,0,38, {1},9,"{0, 1, 2, 3, 4}","(4, 0, 0)","(3, 2)",11
3,9,38,3,2,0,2, {0},0,{0},"(38, 3, 2)","(0, 0)",0
3,10,12,0,0,0,38, {1},9,"{0, 1, 2, 3, 4}","(12, 0, 0)","(3, 2)",11
3,11,46,7,2,0,2, {0},0,{0},"(46, 7, 2)","(0, 0)",0
3,12,26,1,2,0,2, {0},0,{0},"(26, 1, 2)","(0, 0)",0
3,13,35,7,2,0,2, {0},0,{0},"(35, 7, 2)","(0, 0)",0
3,14,19,7,2,0,2, {0},0,{0},"(19, 7, 2)","(0, 0)",0
3,15,29,4,2,0,14, {2},3,{2},"(29, 4, 2)","(3, 0)",3
3,16,24,0,2,0,14, {2},3,{2},"(24, 0, 2)","(3, 0)",3
3,17,35,1,2,0,2, {0},0,{0},"(35, 1, 2)","(0, 0)",0
3,18,48,1,2,0,2, {0},0,{0},"(48, 1, 2)","(0, 0)",0
3,19,41,1,2,0,2, {0},0,{0},"(41, 1, 2)","(0, 0)",0
3,20,10,0,0,0,38, {1},9,"{0, 1, 2, 3, 4}","(10, 0, 0)","(3, 2)",11
3,21,85,5,1,1,22, {4},5,"{0, 1, 2, 3, 4}","(85, 5, 1)","(2, 1)",6
3,22,74,5,1,1,22, {4},5,"{0, 1, 2, 3, 4}","(74, 5, 1)","(2, 1)",6
3,23,64,5,1,1,22, {4},5,"{0, 1, 2, 3, 4}","(64, 5, 1)","(2, 1)",6
3,24,73,5,1,1,22, {4},5,"{0, 1, 2, 3, 4}","(73, 5, 1)","(2, 1)",6
3,25,15,7,2,1,2, {0},0,{0},"(15, 7, 2)","(0, 0)",0
3,26,5,0,0,1,38, {1},9,"{0, 1, 2, 3, 4}","(5, 0, 0)","(3, 2)",11
3,27,4,0,0,1,38, {1},9,"{0, 1, 2, 3, 4}","(4, 0, 0)","(3, 2)",11
3,28,10,0,0,1,38, {1},9,"{0, 1, 2, 3, 4}","(10, 0, 0)","(3, 2)",11
3,29,54,6,1,1,26, {1},6,{4},"(54, 6, 1)","(3, 1)",7
3,30,3,0,0,1,38, {1},9,"{0, 1, 2, 3, 4}","(3, 0, 0)","(3, 2)",11
3,31,45,3,2,1,2, {0},0,{0},"(45, 3, 2)","(0, 0)",0
3,32,28,1,2,1,2, {0},0,{0},"(28, 1, 2)","(0, 0)",0
3,33,17,4,1,1,26, {1},6,{4},"(17, 4, 1)","(3, 1)",7
3,34,57,1,2,1,2, {0},0,{0},"(57, 1, 2)","(0, 0)",0
3,35,77,6,1,1,26, {1},6,{4},"(77, 6, 1)","(3, 1)",7
3,36,5,0,0,1,38, {1},9,"{0, 1, 2, 3, 4}","(5, 0, 0)","(3, 2)",11
3,37,80,5,1,1,22, {4},5,"{0, 1, 2, 3, 4}","(80, 5, 1)","(2, 1)",6
3,38,16,1,2,1,2, {0},0,{0},"(16, 1, 2)","(0, 0)",0
3,39,57,7,2,1,2, {0},0,{0},"(57, 7, 2)","(0, 0)",0
3,40,21,7,1,1,14, {2},3,{2},"(21, 7, 1)","(0, 1)",4
3,41,56,4,2,2,14, {2},3,{2},"(56, 4, 2)","(3, 0)",3
3,42,64,5,2,2,10, {2},2,{2},"(64, 5, 2)","(2, 0)",2
3,43,38,2,2,2,14, {2},3,{2},"(38, 2, 2)","(3, 0)",3
3,44,79,1,1,2,14, {2},3,{2},"(79, 1, 1)","(0, 1)",4
3,45,57,7,2,2,2, {0},0,{0},"(57, 7, 2)","(0, 0)",0
3,46,65,1,2,2,2, {0},0,{0},"(65, 1, 2)","(0, 0)",0
3,47,5,0,0,2,38, {1},9,"{0, 1, 2, 3, 4}","(5, 0, 0)","(3, 2)",11
3,48,76,5,1,2,22, {4},5,"{0, 1, 2, 3, 4}","(76, 5, 1)","(2, 1)",6
3,49,49,1,2,2,2, {0},0,{0},"(49, 1, 2)","(0, 0)",0
3,50,37,2,2,2,14, {2},3,{2},"(37, 2, 2)","(3, 0)",3
3,51,2,0,0,2,38, {1},9,"{0, 1, 2, 3, 4}","(2, 0, 0)","(3, 2)",11
3,52,41,1,2,2,2, {0},0,{0},"(41, 1, 2)","(0, 0)",0
3,53,67,1,1,2,14, {2},3,{2},"(67, 1, 1)","(0, 1)",4
3,54,67,5,1,2,22, {4},5,"{0, 1, 2, 3, 4}","(67, 5, 1)","(2, 1)",6
3,55,63,5,2,2,10, {2},2,{2},"(63, 5, 2)","(2, 0)",2
3,56,85,5,1,2,22, {4},5,"{0, 1, 2, 3, 4}","(85, 5, 1)","(2, 1)",6
3,57,19,1,2,2,2, {0},0,{0},"(19, 1, 2)","(0, 0)",0
3,58,70,2,1,2,26, {1},6,{4},"(70, 2, 1)","(3, 1)",7
3,59,38,1,2,2,2, {0},0,{0},"(38, 1, 2)","(0, 0)",0
3,60,56,6,1,2,26, {1},6,{4},"(56, 6, 1)","(3, 1)",7
3,61,29,1,2,3,2, {0},0,{0},"(29, 1, 2)","(0, 0)",0
3,62,26,1,2,3,2, {0},0,{0},"(26, 1, 2)","(0, 0)",0
3,63,59,1,2,3,2, {0},0,{0},"(59, 1, 2)","(0, 0)",0
3,64,63,1,1,3,14, {2},3,{2},"(63, 1, 1)","(0, 1)",4
3,65,14,0,0,3,38, {1},9,"{0, 1, 2, 3, 4}","(14, 0, 0)","(3, 2)",11
3,66,22,4,2,3,14, {2},3,{2},"(22, 4, 2)","(3, 0)",3
3,67,25,7,2,3,2, {0},0,{0},"(25, 7, 2)","(0, 0)",0
3,68,18,1,2,3,2, {0},0,{0},"(18, 1, 2)","(0, 0)",0
3,69,25,1,2,3,2, {0},0,{0},"(25, 1, 2)","(0, 0)",0
3,70,46,1,2,3,2, {0},0,{0},"(46, 1, 2)","(0, 0)",0
3,71,40,1,2,3,2, {0},0,{0},"(40, 1, 2)","(0, 0)",0
3,72,29,4,2,3,14, {2},3,{2},"(29, 4, 2)","(3, 0)",3
3,73,33,1,2,3,2, {0},0,{0},"(33, 1, 2)","(0, 0)",0
3,74,4,0,0,3,38, {1},9,"{0, 1, 2, 3, 4}","(4, 0, 0)","(3, 2)",11
3,75,12,0,0,3,38, {1},9,"{0, 1, 2, 3, 4}","(12, 0, 0)","(3, 2)",11
3,76,51,7,2,3,2, {0},0,{0},"(51, 7, 2)","(0, 0)",0
3,77,29,1,2,3,2, {0},0,{0},"(29, 1, 2)","(0, 0)",0
3,78,7,0,0,3,38, {1},9,"{0, 1, 2, 3, 4}","(7, 0, 0)","(3, 2)",11
3,79,51,1,2,3,2, {0},0,{0},"(51, 1, 2)","(0, 0)",0
3,80,41,1,2,3,2, {0},0,{0},"(41, 1, 2)","(0, 0)",0
3,81,78,5,2,4,10, {2},2,{2},"(78, 5, 2)","(2, 0)",2
3,82,60,2,2,4,14, {2},3,{2},"(60, 2, 2)","(3, 0)",3
3,83,27,1,2,4,2, {0},0,{0},"(27, 1, 2)","(0, 0)",0
3,84,65,1,2,4,2, {0},0,{0},"(65, 1, 2)","(0, 0)",0
3,85,22,1,2,4,2, {0},0,{0},"(22, 1, 2)","(0, 0)",0
3,86,42,1,2,4,2, {0},0,{0},"(42, 1, 2)","(0, 0)",0
3,87,73,5,1,4,22, {4},5,"{0, 1, 2, 3, 4}","(73, 5, 1)","(2, 1)",6
3,88,45,1,2,4,2, {0},0,{0},"(45, 1, 2)","(0, 0)",0
3,89,26,1,2,4,2, {0},0,{0},"(26, 1, 2)","(0, 0)",0
3,90,76,5,1,4,22, {4},5,"{0, 1, 2, 3, 4}","(76, 5, 1)","(2, 1)",6
3,91,77,5,1,4,22, {4},5,"{0, 1, 2, 3, 4}","(77, 5, 1)","(2, 1)",6
3,92,27,1,2,4,2, {0},0,{0},"(27, 1, 2)","(0, 0)",0
3,93,71,1,1,4,14, {2},3,{2},"(71, 1, 1)","(0, 1)",4
3,94,70,5,1,4,22, {4},5,"{0, 1, 2, 3, 4}","(70, 5, 1)","(2, 1)",6
3,95,78,5,1,4,22, {4},5,"{0, 1, 2, 3, 4}","(78, 5, 1)","(2, 1)",6
3,96,67,7,1,4,14, {2},3,{2},"(67, 7, 1)","(0, 1)",4
3,97,71,5,1,4,22, {4},5,"{0, 1, 2, 3, 4}","(71, 5, 1)","(2, 1)",6
3,98,66,5,1,4,22, {4},5,"{0, 1, 2, 3, 4}","(66, 5, 1)","(2, 1)",6
3,99,67,5,1,4,22, {4},5,"{0, 1, 2, 3, 4}","(67, 5, 1)","(2, 1)",6
3,100,61,1,2,4,2, {0},0,{0},"(61, 1, 2)","(0, 0)",0
4,1,24,1,2,0,2, {0},0,{0},"(24, 1, 2)","(0, 0)",0
4,2,58,7,2,0,2, {0},0,{0},"(58, 7, 2)","(0, 0)",0
4,3,24,1,2,0,2, {0},0,{0},"(24, 1, 2)","(0, 0)",0
4,4,40,7,2,0,2, {0},0,{0},"(40, 7, 2)","(0, 0)",0
4,5,24,1,2,0,2, {0},0,{0},"(24, 1, 2)","(0, 0)",0
4,6,26,1,2,0,2, {0},0,{0},"(26, 1, 2)","(0, 0)",0
4,7,18,7,2,0,2, {0},0,{0},"(18, 7, 2)","(0, 0)",0
4,8,4,0,0,0,38, {1},9,"{0, 1, 2, 3, 4}","(4, 0, 0)","(3, 2)",11
4,9,38,3,2,0,2, {0},0,{0},"(38, 3, 2)","(0, 0)",0
4,10,12,0,0,0,38, {1},9,"{0, 1, 2, 3, 4}","(12, 0, 0)","(3, 2)",11
4,11,46,7,2,0,2, {0},0,{0},"(46, 7, 2)","(0, 0)",0
4,12,26,1,2,0,2, {0},0,{0},"(26, 1, 2)","(0, 0)",0
4,13,35,7,2,0,2, {0},0,{0},"(35, 7, 2)","(0, 0)",0
4,14,19,7,2,0,2, {0},0,{0},"(19, 7, 2)","(0, 0)",0
4,15,29,4,2,0,14, {2},3,{2},"(29, 4, 2)","(3, 0)",3
4,16,24,0,2,0,14, {2},3,{2},"(24, 0, 2)","(3, 0)",3
4,17,35,1,2,0,2, {0},0,{0},"(35, 1, 2)","(0, 0)",0
4,18,48,1,2,0,2, {0},0,{0},"(48, 1, 2)","(0, 0)",0
4,19,41,1,2,0,2, {0},0,{0},"(41, 1, 2)","(0, 0)",0
4,20,10,0,0,0,38, {1},9,"{0, 1, 2, 3, 4}","(10, 0, 0)","(3, 2)",11
4,21,85,5,1,1,22, {4},5,"{0, 1, 2, 3, 4}","(85, 5, 1)","(2, 1)",6
4,22,74,5,1,1,22, {4},5,"{0, 1, 2, 3, 4}","(74, 5, 1)","(2, 1)",6
4,23,64,5,1,1,22, {4},5,"{0, 1, 2, 3, 4}","(64, 5, 1)","(2, 1)",6
4,24,73,5,1,1,22, {4},5,"{0, 1, 2, 3, 4}","(73, 5, 1)","(2, 1)",6
4,25,15,7,2,1,2, {0},0,{0},"(15, 7, 2)","(0, 0)",0
4,26,5,0,0,1,38, {1},9,"{0, 1, 2, 3, 4}","(5, 0, 0)","(3, 2)",11
4,27,4,0,0,1,38, {1},9,"{0, 1, 2, 3, 4}","(4, 0, 0)","(3, 2)",11
4,28,10,0,0,1,38, {1},9,"{0, 1, 2, 3, 4}","(10, 0, 0)","(3, 2)",11
4,29,54,6,1,1,26, {1},6,{4},"(54, 6, 1)","(3, 1)",7
4,30,3,0,0,1,38, {1},9,"{0, 1, 2, 3, 4}","(3, 0, 0)","(3, 2)",11
4,31,45,3,2,1,2, {0},0,{0},"(45, 3, 2)","(0, 0)",0
4,32,28,1,2,1,2, {0},0,{0},"(28, 1, 2)","(0, 0)",0
4,33,17,4,1,1,26, {1},6,{4},"(17, 4, 1)","(3, 1)",7
4,34,57,1,2,1,2, {0},0,{0},"(57, 1, 2)","(0, 0)",0
4,35,77,6,1,1,26, {1},6,{4},"(77, 6, 1)","(3, 1)",7
4,36,5,0,0,1,38, {1},9,"{0, 1, 2, 3, 4}","(5, 0, 0)","(3, 2)",11
4,37,80,5,1,1,22, {4},5,"{0, 1, 2, 3, 4}","(80, 5, 1)","(2, 1)",6
4,38,16,1,2,1,2, {0},0,{0},"(16, 1, 2)","(0, 0)",0
4,39,57,7,2,1,2, {0},0,{0},"(57, 7, 2)","(0, 0)",0
4,40,21,7,1,1,14, {2},3,{2},"(21, 7, 1)","(0, 1)",4
4,41,56,4,2,2,14, {2},3,{2},"(56, 4, 2)","(3, 0)",3
4,42,64,5,2,2,10, {2},2,{2},"(64, 5, 2)","(2, 0)",2
4,43,38,2,2,2,14, {2},3,{2},"(38, 2, 2)","(3, 0)",3
4,44,79,1,1,2,14, {2},3,{2},"(79, 1, 1)","(0, 1)",4
4,45,57,7,2,2,2, {0},0,{0},"(57, 7, 2)","(0, 0)",0
4,46,65,1,2,2,2, {0},0,{0},"(65, 1, 2)","(0, 0)",0
4,47,5,0,0,2,38, {1},9,"{0, 1, 2, 3, 4}","(5, 0, 0)","(3, 2)",11
4,48,76,5,1,2,22, {4},5,"{0, 1, 2, 3, 4}","(76, 5, 1)","(2, 1)",6
4,49,49,1,2,2,2, {0},0,{0},"(49, 1, 2)","(0, 0)",0
4,50,37,2,2,2,14, {2},3,{2},"(37, 2, 2)","(3, 0)",3
4,51,2,0,0,2,38, {1},9,"{0, 1, 2, 3, 4}","(2, 0, 0)","(3, 2)",11
4,52,41,1,2,2,2, {0},0,{0},"(41, 1, 2)","(0, 0)",0
4,53,67,1,1,2,14, {2},3,{2},"(67, 1, 1)","(0, 1)",4
4,54,67,5,1,2,22, {4},5,"{0, 1, 2, 3, 4}","(67, 5, 1)","(2, 1)",6
4,55,63,5,2,2,10, {2},2,{2},"(63, 5, 2)","(2, 0)",2
4,56,85,5,1,2,22, {4},5,"{0, 1, 2, 3, 4}","(85, 5, 1)","(2, 1)",6
4,57,19,1,2,2,2, {0},0,{0},"(19, 1, 2)","(0, 0)",0
4,58,70,2,1,2,26, {1},6,{4},"(70, 2, 1)","(3, 1)",7
4,59,38,1,2,2,2, {0},0,{0},"(38, 1, 2)","(0, 0)",0
4,60,56,6,1,2,26, {1},6,{4},"(56, 6, 1)","(3, 1)",7
4,61,29,1,2,3,2, {0},0,{0},"(29, 1, 2)","(0, 0)",0
4,62,26,1,2,3,2, {0},0,{0},"(26, 1, 2)","(0, 0)",0
4,63,59,1,2,3,2, {0},0,{0},"(59, 1, 2)","(0, 0)",0
4,64,63,1,1,3,14, {2},3,{2},"(63, 1, 1)","(0, 1)",4
4,65,14,0,0,3,38, {1},9,"{0, 1, 2, 3, 4}","(14, 0, 0)","(3, 2)",11
4,66,22,4,2,3,14, {2},3,{2},"(22, 4, 2)","(3, 0)",3
4,67,25,7,2,3,2, {0},0,{0},"(25, 7, 2)","(0, 0)",0
4,68,18,1,2,3,2, {0},0,{0},"(18, 1, 2)","(0, 0)",0
4,69,25,1,2,3,2, {0},0,{0},"(25, 1, 2)","(0, 0)",0
4,70,46,1,2,3,2, {0},0,{0},"(46, 1, 2)","(0, 0)",0
4,71,40,1,2,3,2, {0},0,{0},"(40, 1, 2)","(0, 0)",0
4,72,29,4,2,3,14, {2},3,{2},"(29, 4, 2)","(3, 0)",3
4,73,33,1,2,3,2, {0},0,{0},"(33, 1, 2)","(0, 0)",0
4,74,4,0,0,3,38, {1},9,"{0, 1, 2, 3, 4}","(4, 0, 0)","(3, 2)",11
4,75,12,0,0,3,38, {1},9,"{0, 1, 2, 3, 4}","(12, 0, 0)","(3, 2)",11
4,76,51,7,2,3,2, {0},0,{0},"(51, 7, 2)","(0, 0)",0
4,77,29,1,2,3,2, {0},0,{0},"(29, 1, 2)","(0, 0)",0
4,78,7,0,0,3,38, {1},9,"{0, 1, 2, 3, 4}","(7, 0, 0)","(3, 2)",11
4,79,51,1,2,3,2, {0},0,{0},"(51, 1, 2)","(0, 0)",0
4,80,41,1,2,3,2, {0},0,{0},"(41, 1, 2)","(0, 0)",0
4,81,78,5,2,4,10, {2},2,{2},"(78, 5, 2)","(2, 0)",2
4,82,60,2,2,4,14, {2},3,{2},"(60, 2, 2)","(3, 0)",3
4,83,27,1,2,4,2, {0},0,{0},"(27, 1, 2)","(0, 0)",0
4,84,65,1,2,4,2, {0},0,{0},"(65, 1, 2)","(0, 0)",0
4,85,22,1,2,4,2, {0},0,{0},"(22, 1, 2)","(0, 0)",0
4,86,42,1,2,4,2, {0},0,{0},"(42, 1, 2)","(0, 0)",0
4,87,73,5,1,4,22, {4},5,"{0, 1, 2, 3, 4}","(73, 5, 1)","(2, 1)",6
4,88,45,1,2,4,2, {0},0,{0},"(45, 1, 2)","(0, 0)",0
4,89,26,1,2,4,2, {0},0,{0},"(26, 1, 2)","(0, 0)",0
4,90,76,5,1,4,22, {4},5,"{0, 1, 2, 3, 4}","(76, 5, 1)","(2, 1)",6
4,91,77,5,1,4,22, {4},5,"{0, 1, 2, 3, 4}","(77, 5, 1)","(2, 1)",6
4,92,27,1,2,4,2, {0},0,{0},"(27, 1, 2)","(0, 0)",0
4,93,71,1,1,4,14, {2},3,{2},"(71, 1, 1)","(0, 1)",4
4,94,70,5,1,4,22, {4},5,"{0, 1, 2, 3, 4}","(70, 5, 1)","(2, 1)",6
4,95,78,5,1,4,22, {4},5,"{0, 1, 2, 3, 4}","(78, 5, 1)","(2, 1)",6
4,96,67,7,1,4,14, {2},3,{2},"(67, 7, 1)","(0, 1)",4
4,97,71,5,1,4,22, {4},5,"{0, 1, 2, 3, 4}","(71, 5, 1)","(2, 1)",6
4,98,66,5,1,4,22, {4},5,"{0, 1, 2, 3, 4}","(66, 5, 1)","(2, 1)",6
4,99,67,5,1,4,22, {4},5,"{0, 1, 2, 3, 4}","(67, 5, 1)","(2, 1)",6
4,100,61,1,2,4,2, {0},0,{0},"(61, 1, 2)","(0, 0)",0
5,1,24,1,2,0,2, {0},0,{0},"(24, 1, 2)","(0, 0)",0
5,2,58,7,2,0,2, {0},0,{0},"(58, 7, 2)","(0, 0)",0
5,3,24,1,2,0,2, {0},0,{0},"(24, 1, 2)","(0, 0)",0
5,4,40,7,2,0,2, {0},0,{0},"(40, 7, 2)","(0, 0)",0
5,5,24,1,2,0,2, {0},0,{0},"(24, 1, 2)","(0, 0)",0
5,6,26,1,2,0,2, {0},0,{0},"(26, 1, 2)","(0, 0)",0
5,7,18,7,2,0,2, {0},0,{0},"(18, 7, 2)","(0, 0)",0
5,8,4,0,0,0,38, {1},9,"{0, 1, 2, 3, 4}","(4, 0, 0)","(3, 2)",11
5,9,38,3,2,0,2, {0},0,{0},"(38, 3, 2)","(0, 0)",0
5,10,12,0,0,0,38, {1},9,"{0, 1, 2, 3, 4}","(12, 0, 0)","(3, 2)",11
5,11,46,7,2,0,2, {0},0,{0},"(46, 7, 2)","(0, 0)",0
5,12,26,1,2,0,2, {0},0,{0},"(26, 1, 2)","(0, 0)",0
5,13,35,7,2,0,2, {0},0,{0},"(35, 7, 2)","(0, 0)",0
5,14,19,7,2,0,2, {0},0,{0},"(19, 7, 2)","(0, 0)",0
5,15,29,4,2,0,14, {2},3,{2},"(29, 4, 2)","(3, 0)",3
5,16,24,0,2,0,14, {2},3,{2},"(24, 0, 2)","(3, 0)",3
5,17,35,1,2,0,2, {0},0,{0},"(35, 1, 2)","(0, 0)",0
5,18,48,1,2,0,2, {0},0,{0},"(48, 1, 2)","(0, 0)",0
5,19,41,1,2,0,2, {0},0,{0},"(41, 1, 2)","(0, 0)",0
5,20,10,0,0,0,38, {1},9,"{0, 1, 2, 3, 4}","(10, 0, 0)","(3, 2)",11
5,21,85,5,1,1,22, {4},5,"{0, 1, 2, 3, 4}","(85, 5, 1)","(2, 1)",6
5,22,74,5,1,1,22, {4},5,"{0, 1, 2, 3, 4}","(74, 5, 1)","(2, 1)",6
5,23,64,5,1,1,22, {4},5,"{0, 1, 2, 3, 4}","(64, 5, 1)","(2, 1)",6
5,24,73,5,1,1,22, {4},5,"{0, 1, 2, 3, 4}","(73, 5, 1)","(2, 1)",6
5,25,15,7,2,1,2, {0},0,{0},"(15, 7, 2)","(0, 0)",0
5,26,5,0,0,1,38, {1},9,"{0, 1, 2, 3, 4}","(5, 0, 0)","(3, 2)",11
5,27,4,0,0,1,38, {1},9,"{0, 1, 2, 3, 4}","(4, 0, 0)","(3, 2)",11
5,28,10,0,0,1,38, {1},9,"{0, 1, 2, 3, 4}","(10, 0, 0)","(3, 2)",11
5,29,54,6,1,1,26, {1},6,{4},"(54, 6, 1)","(3, 1)",7
5,30,3,0,0,1,38, {1},9,"{0, 1, 2, 3, 4}","(3, 0, 0)","(3, 2)",11
5,31,45,3,2,1,2, {0},0,{0},"(45, 3, 2)","(0, 0)",0
5,32,28,1,2,1,2, {0},0,{0},"(28, 1, 2)","(0, 0)",0
5,33,17,4,1,1,26, {1},6,{4},"(17, 4, 1)","(3, 1)",7
5,34,57,1,2,1,2, {0},0,{0},"(57, 1, 2)","(0, 0)",0
5,35,77,6,1,1,26, {1},6,{4},"(77, 6, 1)","(3, 1)",7
5,36,5,0,0,1,38, {1},9,"{0, 1, 2, 3, 4}","(5, 0, 0)","(3, 2)",11
5,37,80,5,1,1,22, {4},5,"{0, 1, 2, 3, 4}","(80, 5, 1)","(2, 1)",6
5,38,16,1,2,1,2, {0},0,{0},"(16, 1, 2)","(0, 0)",0
5,39,57,7,2,1,2, {0},0,{0},"(57, 7, 2)","(0, 0)",0
5,40,21,7,1,1,14, {2},3,{2},"(21, 7, 1)","(0, 1)",4
5,41,56,4,2,2,14, {2},3,{2},"(56, 4, 2)","(3, 0)",3
5,42,64,5,2,2,10, {2},2,{2},"(64, 5, 2)","(2, 0)",2
5,43,38,2,2,2,14, {2},3,{2},"(38, 2, 2)","(3, 0)",3
5,44,79,1,1,2,14, {2},3,{2},"(79, 1, 1)","(0, 1)",4
5,45,57,7,2,2,2, {0},0,{0},"(57, 7, 2)","(0, 0)",0
5,46,65,1,2,2,2, {0},0,{0},"(65, 1, 2)","(0, 0)",0
5,47,5,0,0,2,38, {1},9,"{0, 1, 2, 3, 4}","(5, 0, 0)","(3, 2)",11
5,48,76,5,1,2,22, {4},5,"{0, 1, 2, 3, 4}","(76, 5, 1)","(2, 1)",6
5,49,49,1,2,2,2, {0},0,{0},"(49, 1, 2)","(0, 0)",0
5,50,37,2,2,2,14, {2},3,{2},"(37, 2, 2)","(3, 0)",3
5,51,2,0,0,2,38, {1},9,"{0, 1, 2, 3, 4}","(2, 0, 0)","(3, 2)",11
5,52,41,1,2,2,2, {0},0,{0},"(41, 1, 2)","(0, 0)",0
5,53,67,1,1,2,14, {2},3,{2},"(67, 1, 1)","(0, 1)",4
5,54,67,5,1,2,22, {4},5,"{0, 1, 2, 3, 4}","(67, 5, 1)","(2, 1)",6
5,55,63,5,2,2,10, {2},2,{2},"(63, 5, 2)","(2, 0)",2
5,56,85,5,1,2,22, {4},5,"{0, 1, 2, 3, 4}","(85, 5, 1)","(2, 1)",6
5,57,19,1,2,2,2, {0},0,{0},"(19, 1, 2)","(0, 0)",0
5,58,70,2,1,2,26, {1},6,{4},"(70, 2, 1)","(3, 1)",7
5,59,38,1,2,2,2, {0},0,{0},"(38, 1, 2)","(0, 0)",0
5,60,56,6,1,2,26, {1},6,{4},"(56, 6, 1)","(3, 1)",7
5,61,29,1,2,3,2, {0},0,{0},"(29, 1, 2)","(0, 0)",0
5,62,26,1,2,3,2, {0},0,{0},"(26, 1, 2)","(0, 0)",0
5,63,59,1,2,3,2, {0},0,{0},"(59, 1, 2)","(0, 0)",0
5,64,63,1,1,3,14, {2},3,{2},"(63, 1, 1)","(0, 1)",4
5,65,14,0,0,3,38, {1},9,"{0, 1, 2, 3, 4}","(14, 0, 0)","(3, 2)",11
5,66,22,4,2,3,14, {2},3,{2},"(22, 4, 2)","(3, 0)",3
5,67,25,7,2,3,2, {0},0,{0},"(25, 7, 2)","(0, 0)",0
5,68,18,1,2,3,2, {0},0,{0},"(18, 1, 2)","(0, 0)",0
5,69,25,1,2,3,2, {0},0,{0},"(25, 1, 2)","(0, 0)",0
5,70,46,1,2,3,2, {0},0,{0},"(46, 1, 2)","(0, 0)",0
5,71,40,1,2,3,2, {0},0,{0},"(40, 1, 2)","(0, 0)",0
5,72,29,4,2,3,14, {2},3,{2},"(29, 4, 2)","(3, 0)",3
5,73,33,1,2,3,2, {0},0,{0},"(33, 1, 2)","(0, 0)",0
5,74,4,0,0,3,38, {1},9,"{0, 1, 2, 3, 4}","(4, 0, 0)","(3, 2)",11
5,75,12,0,0,3,38, {1},9,"{0, 1, 2, 3, 4}","(12, 0, 0)","(3, 2)",11
5,76,51,7,2,3,2, {0},0,{0},"(51, 7, 2)","(0, 0)",0
5,77,29,1,2,3,2, {0},0,{0},"(29, 1, 2)","(0, 0)",0
5,78,7,0,0,3,38, {1},9,"{0, 1, 2, 3, 4}","(7, 0, 0)","(3, 2)",11
5,79,51,1,2,3,2, {0},0,{0},"(51, 1, 2)","(0, 0)",0
5,80,41,1,2,3,2, {0},0,{0},"(41, 1, 2)","(0, 0)",0
5,81,78,5,2,4,10, {2},2,{2},"(78, 5, 2)","(2, 0)",2
5,82,60,2,2,4,14, {2},3,{2},"(60, 2, 2)","(3, 0)",3
5,83,27,1,2,4,2, {0},0,{0},"(27, 1, 2)","(0, 0)",0
5,84,65,1,2,4,2, {0},0,{0},"(65, 1, 2)","(0, 0)",0
5,85,22,1,2,4,2, {0},0,{0},"(22, 1, 2)","(0, 0)",0
5,86,42,1,2,4,2, {0},0,{0},"(42, 1, 2)","(0, 0)",0
5,87,73,5,1,4,22, {4},5,"{0, 1, 2, 3, 4}","(73, 5, 1)","(2, 1)",6
5,88,45,1,2,4,2, {0},0,{0},"(45, 1, 2)","(0, 0)",0
5,89,26,1,2,4,2, {0},0,{0},"(26, 1, 2)","(0, 0)",0
5,90,76,5,1,4,22, {4},5,"{0, 1, 2, 3, 4}","(76, 5, 1)","(2, 1)",6
5,91,77,5,1,4,22, {4},5,"{0, 1, 2, 3, 4}","(77, 5, 1)","(2, 1)",6
5,92,27,1,2,4,2, {0},0,{0},"(27, 1, 2)","(0, 0)",0
5,93,71,1,1,4,14, {2},3,{2},"(71, 1, 1)","(0, 1)",4
5,94,70,5,1,4,22, {4},5,"{0, 1, 2, 3, 4}","(70, 5, 1)","(2, 1)",6
5,95,78,5,1,4,22, {4},5,"{0, 1, 2, 3, 4}","(78, 5, 1)","(2, 1)",6
5,96,67,7,1,4,14, {2},3,{2},"(67, 7, 1)","(0, 1)",4
5,97,71,5,1,4,22, {4},5,"{0, 1, 2, 3, 4}","(71, 5, 1)","(2, 1)",6
5,98,66,5,1,4,22, {4},5,"{0, 1, 2, 3, 4}","(66, 5, 1)","(2, 1)",6
5,99,67,5,1,4,22, {4},5,"{0, 1, 2, 3, 4}","(67, 5, 1)","(2, 1)",6
5,100,61,1,2,4,2, {0},0,{0},"(61, 1, 2)","(0, 0)",0
6,1,24,1,2,0,2, {0},0,{0},"(24, 1, 2)","(0, 0)",0
6,2,58,7,2,0,2, {0},0,{0},"(58, 7, 2)","(0, 0)",0
6,3,24,1,2,0,2, {0},0,{0},"(24, 1, 2)","(0, 0)",0
6,4,40,7,2,0,2, {0},0,{0},"(40, 7, 2)","(0, 0)",0
6,5,24,1,2,0,2, {0},0,{0},"(24, 1, 2)","(0, 0)",0
6,6,26,1,2,0,2, {0},0,{0},"(26, 1, 2)","(0, 0)",0
6,7,18,7,2,0,2, {0},0,{0},"(18, 7, 2)","(0, 0)",0
6,8,4,0,0,0,38, {1},9,"{0, 1, 2, 3, 4}","(4, 0, 0)","(3, 2)",11
6,9,38,3,2,0,2, {0},0,{0},"(38, 3, 2)","(0, 0)",0
6,10,12,0,0,0,38, {1},9,"{0, 1, 2, 3, 4}","(12, 0, 0)","(3, 2)",11
6,11,46,7,2,0,2, {0},0,{0},"(46, 7, 2)","(0, 0)",0
6,12,26,1,2,0,2, {0},0,{0},"(26, 1, 2)","(0, 0)",0
6,13,35,7,2,0,2, {0},0,{0},"(35, 7, 2)","(0, 0)",0
6,14,19,7,2,0,2, {0},0,{0},"(19, 7, 2)","(0, 0)",0
6,15,29,4,2,0,14, {2 3},3,"{0, 3}","(29, 4, 2)","(3, 0)",3
6,16,24,0,2,0,14, {2 3},3,"{0, 3}","(24, 0, 2)","(3, 0)",3
6,17,35,1,2,0,2, {0},0,{0},"(35, 1, 2)","(0, 0)",0
6,18,48,1,2,0,2, {0},0,{0},"(48, 1, 2)","(0, 0)",0
6,19,41,1,2,0,2, {0},0,{0},"(41, 1, 2)","(0, 0)",0
6,20,10,0,0,0,38, {1},9,"{0, 1, 2, 3, 4}","(10, 0, 0)","(3, 2)",11
6,21,85,5,1,1,22, {4},5,{2},"(85, 5, 1)","(2, 1)",6
6,22,74,5,1,1,22, {4},5,{2},"(74, 5, 1)","(2, 1)",6
6,23,64,5,1,1,22, {4},5,{2},"(64, 5, 1)","(2, 1)",6
6,24,73,5,1,1,22, {4},5,{2},"(73, 5, 1)","(2, 1)",6
6,25,15,7,2,1,2, {0},0,{0},"(15, 7, 2)","(0, 0)",0
6,26,5,0,0,1,38, {1},9,"{0, 1, 2, 3, 4}","(5, 0, 0)","(3, 2)",11
6,27,4,0,0,1,38, {1},9,"{0, 1, 2, 3, 4}","(4, 0, 0)","(3, 2)",11
6,28,10,0,0,1,38, {1},9,"{0, 1, 2, 3, 4}","(10, 0, 0)","(3, 2)",11
6,29,54,6,1,1,26, {1},6,{4},"(54, 6, 1)","(3, 1)",7
6,30,3,0,0,1,38, {1},9,"{0, 1, 2, 3, 4}","(3, 0, 0)","(3, 2)",11
6,31,45,3,2,1,2, {0},0,{0},"(45, 3, 2)","(0, 0)",0
6,32,28,1,2,1,2, {0},0,{0},"(28, 1, 2)","(0, 0)",0
6,33,17,4,1,1,26, {1},6,{4},"(17, 4, 1)","(3, 1)",7
6,34,57,1,2,1,2, {0},0,{0},"(57, 1, 2)","(0, 0)",0
6,35,77,6,1,1,26, {1},6,{4},"(77, 6, 1)","(3, 1)",7
6,36,5,0,0,1,38, {1},9,"{0, 1, 2, 3, 4}","(5, 0, 0)","(3, 2)",11
6,37,80,5,1,1,22, {4},5,{2},"(80, 5, 1)","(2, 1)",6
6,38,16,1,2,1,2, {0},0,{0},"(16, 1, 2)","(0, 0)",0
6,39,57,7,2,1,2, {0},0,{0},"(57, 7, 2)","(0, 0)",0
6,40,21,7,1,1,14, {2 3},3,"{0, 3}","(21, 7, 1)","(0, 1)",4
6,41,56,4,2,2,14, {2 3},3,"{0, 3}","(56, 4, 2)","(3, 0)",3
6,42,64,5,2,2,10, {2},2,{2},"(64, 5, 2)","(2, 0)",2
6,43,38,2,2,2,6, {2},1,{2},"(38, 2, 2)","(1, 0)",1
6,44,79,1,1,2,14, {2 3},3,"{0, 3}","(79, 1, 1)","(0, 1)",4
6,45,57,7,2,2,2, {0},0,{0},"(57, 7, 2)","(0, 0)",0
6,46,65,1,2,2,2, {0},0,{0},"(65, 1, 2)","(0, 0)",0
6,47,5,0,0,2,38, {1},9,"{0, 1, 2, 3, 4}","(5, 0, 0)","(3, 2)",11
6,48,76,5,1,2,22, {4},5,{2},"(76, 5, 1)","(2, 1)",6
6,49,49,1,2,2,2, {0},0,{0},"(49, 1, 2)","(0, 0)",0
6,50,37,2,2,2,6, {2},1,{2},"(37, 2, 2)","(1, 0)",1
6,51,2,0,0,2,38, {1},9,"{0, 1, 2, 3, 4}","(2, 0, 0)","(3, 2)",11
6,52,41,1,2,2,2, {0},0,{0},"(41, 1, 2)","(0, 0)",0
6,53,67,1,1,2,14, {2 3},3,"{0, 3}","(67, 1, 1)","(0, 1)",4
6,54,67,5,1,2,22, {4},5,{2},"(67, 5, 1)","(2, 1)",6
6,55,63,5,2,2,10, {2},2,{2},"(63, 5, 2)","(2, 0)",2
6,56,85,5,1,2,22, {4},5,{2},"(85, 5, 1)","(2, 1)",6
6,57,19,1,2,2,2, {0},0,{0},"(19, 1, 2)","(0, 0)",0
6,58,70,2,1,2,18, {2},4,"{2, 4}","(70, 2, 1)","(1, 1)",5
6,59,38,1,2,2,2, {0},0,{0},"(38, 1, 2)","(0, 0)",0
6,60,56,6,1,2,26, {1},6,{4},"(56, 6, 1)","(3, 1)",7
6,61,29,1,2,3,2, {0},0,{0},"(29, 1, 2)","(0, 0)",0
6,62,26,1,2,3,2, {0},0,{0},"(26, 1, 2)","(0, 0)",0
6,63,59,1,2,3,2, {0},0,{0},"(59, 1, 2)","(0, 0)",0
6,64,63,1,1,3,14, {2 3},3,"{0, 3}","(63, 1, 1)","(0, 1)",4
6,65,14,0,0,3,38, {1},9,"{0, 1, 2, 3, 4}","(14, 0, 0)","(3, 2)",11
6,66,22,4,2,3,14, {2 3},3,"{0, 3}","(22, 4, 2)","(3, 0)",3
6,67,25,7,2,3,2, {0},0,{0},"(25, 7, 2)","(0, 0)",0
6,68,18,1,2,3,2, {0},0,{0},"(18, 1, 2)","(0, 0)",0
6,69,25,1,2,3,2, {0},0,{0},"(25, 1, 2)","(0, 0)",0
6,70,46,1,2,3,2, {0},0,{0},"(46, 1, 2)","(0, 0)",0
6,71,40,1,2,3,2, {0},0,{0},"(40, 1, 2)","(0, 0)",0
6,72,29,4,2,3,14, {2 3},3,"{0, 3}","(29, 4, 2)","(3, 0)",3
6,73,33,1,2,3,2, {0},0,{0},"(33, 1, 2)","(0, 0)",0
6,74,4,0,0,3,38, {1},9,"{0, 1, 2, 3, 4}","(4, 0, 0)","(3, 2)",11
6,75,12,0,0,3,38, {1},9,"{0, 1, 2, 3, 4}","(12, 0, 0)","(3, 2)",11
6,76,51,7,2,3,2, {0},0,{0},"(51, 7, 2)","(0, 0)",0
6,77,29,1,2,3,2, {0},0,{0},"(29, 1, 2)","(0, 0)",0
6,78,7,0,0,3,38, {1},9,"{0, 1, 2, 3, 4}","(7, 0, 0)","(3, 2)",11
6,79,51,1,2,3,2, {0},0,{0},"(51, 1, 2)","(0, 0)",0
6,80,41,1,2,3,2, {0},0,{0},"(41, 1, 2)","(0, 0)",0
6,81,78,5,2,4,10, {2},2,{2},"(78, 5, 2)","(2, 0)",2
6,82,60,2,2,4,6, {2},1,{2},"(60, 2, 2)","(1, 0)",1
6,83,27,1,2,4,2, {0},0,{0},"(27, 1, 2)","(0, 0)",0
6,84,65,1,2,4,2, {0},0,{0},"(65, 1, 2)","(0, 0)",0
6,85,22,1,2,4,2, {0},0,{0},"(22, 1, 2)","(0, 0)",0
6,86,42,1,2,4,2, {0},0,{0},"(42, 1, 2)","(0, 0)",0
6,87,73,5,1,4,22, {4},5,{2},"(73, 5, 1)","(2, 1)",6
6,88,45,1,2,4,2, {0},0,{0},"(45, 1, 2)","(0, 0)",0
6,89,26,1,2,4,2, {0},0,{0},"(26, 1, 2)","(0, 0)",0
6,90,76,5,1,4,22, {4},5,{2},"(76, 5, 1)","(2, 1)",6
6,91,77,5,1,4,22, {4},5,{2},"(77, 5, 1)","(2, 1)",6
6,92,27,1,2,4,2, {0},0,{0},"(27, 1, 2)","(0, 0)",0
6,93,71,1,1,4,14, {2 3},3,"{0, 3}","(71, 1, 1)","(0, 1)",4
6,94,70,5,1,4,22, {4},5,{2},"(70, 5, 1)","(2, 1)",6
6,95,78,5,1,4,22, {4},5,{2},"(78, 5, 1)","(2, 1)",6
6,96,67,7,1,4,14, {2 3},3,"{0, 3}","(67, 7, 1)","(0, 1)",4
6,97,71,5,1,4,22, {4},5,{2},"(71, 5, 1)","(2, 1)",6
6,98,66,5,1,4,22, {4},5,{2},"(66, 5, 1)","(2, 1)",6
6,99,67,5,1,4,22, {4},5,{2},"(67, 5, 1)","(2, 1)",6
6,100,61,1,2,4,2, {0},0,{0},"(61, 1, 2)","(0, 0)",0
7,1,24,1,2,0,14, {3},3,"{0, 1, 2, 3, 4}","(24, 1, 2)","(0, 1)",4
7,2,58,7,2,0,22, {0},5,"{0, 1, 2, 3, 4}","(58, 7, 2)","(2, 1)",6
7,3,24,1,2,0,14, {3},3,"{0, 1, 2, 3, 4}","(24, 1, 2)","(0, 1)",4
7,4,40,7,2,0,22, {0},5,"{0, 1, 2, 3, 4}","(40, 7, 2)","(2, 1)",6
7,5,24,1,2,0,14, {3},3,"{0, 1, 2, 3, 4}","(24, 1, 2)","(0, 1)",4
7,6,26,1,2,0,14, {3},3,"{0, 1, 2, 3, 4}","(26, 1, 2)","(0, 1)",4
7,7,18,7,2,0,22, {0},5,"{0, 1, 2, 3, 4}","(18, 7, 2)","(2, 1)",6
7,8,4,0,0,0,22, {0},5,"{0, 1, 2, 3, 4}","(4, 0, 0)","(2, 1)",6
7,9,38,3,2,0,22, {0},5,"{0, 1, 2, 3, 4}","(38, 3, 2)","(2, 1)",6
7,10,12,0,0,0,22, {0},5,"{0, 1, 2, 3, 4}","(12, 0, 0)","(2, 1)",6
7,11,46,7,2,0,22, {0},5,"{0, 1, 2, 3, 4}","(46, 7, 2)","(2, 1)",6
7,12,26,1,2,0,14, {3},3,"{0, 1, 2, 3, 4}","(26, 1, 2)","(0, 1)",4
7,13,35,7,2,0,22, {0},5,"{0, 1, 2, 3, 4}","(35, 7, 2)","(2, 1)",6
7,14,19,7,2,0,22, {0},5,"{0, 1, 2, 3, 4}","(19, 7, 2)","(2, 1)",6
7,15,29,4,2,0,14, {3},3,"{0, 1, 2, 3, 4}","(29, 4, 2)","(0, 1)",4
7,16,24,0,2,0,22, {0},5,"{0, 1, 2, 3, 4}","(24, 0, 2)","(2, 1)",6
7,17,35,1,2,0,14, {3},3,"{0, 1, 2, 3, 4}","(35, 1, 2)","(0, 1)",4
7,18,48,1,2,0,14, {3},3,"{0, 1, 2, 3, 4}","(48, 1, 2)","(0, 1)",4
7,19,41,1,2,0,14, {3},3,"{0, 1, 2, 3, 4}","(41, 1, 2)","(0, 1)",4
7,20,10,0,0,0,22, {0},5,"{0, 1, 2, 3, 4}","(10, 0, 0)","(2, 1)",6
7,21,85,5,1,1,38, {4},9,"{0, 1, 2, 3, 4}","(85, 5, 1)","(3, 2)",11
7,22,74,5,1,1,38, {4},9,"{0, 1, 2, 3, 4}","(74, 5, 1)","(3, 2)",11
7,23,64,5,1,1,38, {4},9,"{0, 1, 2, 3, 4}","(64, 5, 1)","(3, 2)",11
7,24,73,5,1,1,38, {4},9,"{0, 1, 2, 3, 4}","(73, 5, 1)","(3, 2)",11
7,25,15,7,2,1,22, {0},5,"{0, 1, 2, 3, 4}","(15, 7, 2)","(2, 1)",6
7,26,5,0,0,1,22, {0},5,"{0, 1, 2, 3, 4}","(5, 0, 0)","(2, 1)",6
7,27,4,0,0,1,22, {0},5,"{0, 1, 2, 3, 4}","(4, 0, 0)","(2, 1)",6
7,28,10,0,0,1,22, {0},5,"{0, 1, 2, 3, 4}","(10, 0, 0)","(2, 1)",6
7,29,54,6,1,1,34, {1},8,{2},"(54, 6, 1)","(2, 2)",10
7,30,3,0,0,1,22, {0},5,"{0, 1, 2, 3, 4}","(3, 0, 0)","(2, 1)",6
7,31,45,3,2,1,22, {0},5,"{0, 1, 2, 3, 4}","(45, 3, 2)","(2, 1)",6
7,32,28,1,2,1,14, {3},3,"{0, 1, 2, 3, 4}","(28, 1, 2)","(0, 1)",4
7,33,17,4,1,1,26, {2},6,{0},"(17, 4, 1)","(0, 2)",8
7,34,57,1,2,1,14, {3},3,"{0, 1, 2, 3, 4}","(57, 1, 2)","(0, 1)",4
7,35,77,6,1,1,34, {1},8,{2},"(77, 6, 1)","(2, 2)",10
7,36,5,0,0,1,22, {0},5,"{0, 1, 2, 3, 4}","(5, 0, 0)","(2, 1)",6
7,37,80,5,1,1,38, {4},9,"{0, 1, 2, 3, 4}","(80, 5, 1)","(3, 2)",11
7,38,16,1,2,1,14, {3},3,"{0, 1, 2, 3, 4}","(16, 1, 2)","(0, 1)",4
7,39,57,7,2,1,22, {0},5,"{0, 1, 2, 3, 4}","(57, 7, 2)","(2, 1)",6
7,40,21,7,1,1,34, {1},8,{2},"(21, 7, 1)","(2, 2)",10
7,41,56,4,2,2,14, {3},3,"{0, 1, 2, 3, 4}","(56, 4, 2)","(0, 1)",4
7,42,64,5,2,2,26, {2},6,{0},"(64, 5, 2)","(3, 1)",7
7,43,38,2,2,2,14, {3},3,"{0, 1, 2, 3, 4}","(38, 2, 2)","(0, 1)",4
7,44,79,1,1,2,26, {2},6,{0},"(79, 1, 1)","(0, 2)",8
7,45,57,7,2,2,22, {0},5,"{0, 1, 2, 3, 4}","(57, 7, 2)","(2, 1)",6
7,46,65,1,2,2,14, {3},3,"{0, 1, 2, 3, 4}","(65, 1, 2)","(0, 1)",4
7,47,5,0,0,2,22, {0},5,"{0, 1, 2, 3, 4}","(5, 0, 0)","(2, 1)",6
7,48,76,5,1,2,38, {4},9,"{0, 1, 2, 3, 4}","(76, 5, 1)","(3, 2)",11
7,49,49,1,2,2,14, {3},3,"{0, 1, 2, 3, 4}","(49, 1, 2)","(0, 1)",4
7,50,37,2,2,2,14, {3},3,"{0, 1, 2, 3, 4}","(37, 2, 2)","(0, 1)",4
7,51,2,0,0,2,22, {0},5,"{0, 1, 2, 3, 4}","(2, 0, 0)","(2, 1)",6
7,52,41,1,2,2,14, {3},3,"{0, 1, 2, 3, 4}","(41, 1, 2)","(0, 1)",4
7,53,67,1,1,2,26, {2},6,{0},"(67, 1, 1)","(0, 2)",8
7,54,67,5,1,2,38, {4},9,"{0, 1, 2, 3, 4}","(67, 5, 1)","(3, 2)",11
7,55,63,5,2,2,26, {2},6,{0},"(63, 5, 2)","(3, 1)",7
7,56,85,5,1,2,38, {4},9,"{0, 1, 2, 3, 4}","(85, 5, 1)","(3, 2)",11
7,57,19,1,2,2,14, {3},3,"{0, 1, 2, 3, 4}","(19, 1, 2)","(0, 1)",4
7,58,70,2,1,2,26, {2},6,{0},"(70, 2, 1)","(0, 2)",8
7,59,38,1,2,2,14, {3},3,"{0, 1, 2, 3, 4}","(38, 1, 2)","(0, 1)",4
7,60,56,6,1,2,34, {1},8,{2},"(56, 6, 1)","(2, 2)",10
7,61,29,1,2,3,14, {3},3,"{0, 1, 2, 3, 4}","(29, 1, 2)","(0, 1)",4
7,62,26,1,2,3,14, {3},3,"{0, 1, 2, 3, 4}","(26, 1, 2)","(0, 1)",4
7,63,59,1,2,3,14, {3},3,"{0, 1, 2, 3, 4}","(59, 1, 2)","(0, 1)",4
7,64,63,1,1,3,26, {2},6,{0},"(63, 1, 1)","(0, 2)",8
7,65,14,0,0,3,22, {0},5,"{0, 1, 2, 3, 4}","(14, 0, 0)","(2, 1)",6
7,66,22,4,2,3,14, {3},3,"{0, 1, 2, 3, 4}","(22, 4, 2)","(0, 1)",4
7,67,25,7,2,3,22, {0},5,"{0, 1, 2, 3, 4}","(25, 7, 2)","(2, 1)",6
7,68,18,1,2,3,14, {3},3,"{0, 1, 2, 3, 4}","(18, 1, 2)","(0, 1)",4
7,69,25,1,2,3,14, {3},3,"{0, 1, 2, 3, 4}","(25, 1, 2)","(0, 1)",4
7,70,46,1,2,3,14, {3},3,"{0, 1, 2, 3, 4}","(46, 1, 2)","(0, 1)",4
7,71,40,1,2,3,14, {3},3,"{0, 1, 2, 3, 4}","(40, 1, 2)","(0, 1)",4
7,72,29,4,2,3,14, {3},3,"{0, 1, 2, 3, 4}","(29, 4, 2)","(0, 1)",4
7,73,33,1,2,3,14, {3},3,"{0, 1, 2, 3, 4}","(33, 1, 2)","(0, 1)",4
7,74,4,0,0,3,22, {0},5,"{0, 1, 2, 3, 4}","(4, 0, 0)","(2, 1)",6
7,75,12,0,0,3,22, {0},5,"{0, 1, 2, 3, 4}","(12, 0, 0)","(2, 1)",6
7,76,51,7,2,3,22, {0},5,"{0, 1, 2, 3, 4}","(51, 7, 2)","(2, 1)",6
7,77,29,1,2,3,14, {3},3,"{0, 1, 2, 3, 4}","(29, 1, 2)","(0, 1)",4
7,78,7,0,0,3,22, {0},5,"{0, 1, 2, 3, 4}","(7, 0, 0)","(2, 1)",6
7,79,51,1,2,3,14, {3},3,"{0, 1, 2, 3, 4}","(51, 1, 2)","(0, 1)",4
7,80,41,1,2,3,14, {3},3,"{0, 1, 2, 3, 4}","(41, 1, 2)","(0, 1)",4
7,81,78,5,2,4,26, {2},6,{0},"(78, 5, 2)","(3, 1)",7
7,82,60,2,2,4,14, {3},3,"{0, 1, 2, 3, 4}","(60, 2, 2)","(0, 1)",4
7,83,27,1,2,4,14, {3},3,"{0, 1, 2, 3, 4}","(27, 1, 2)","(0, 1)",4
7,84,65,1,2,4,14, {3},3,"{0, 1, 2, 3, 4}","(65, 1, 2)","(0, 1)",4
7,85,22,1,2,4,14, {3},3,"{0, 1, 2, 3, 4}","(22, 1, 2)","(0, 1)",4
7,86,42,1,2,4,14, {3},3,"{0, 1, 2, 3, 4}","(42, 1, 2)","(0, 1)",4
7,87,73,5,1,4,38, {4},9,"{0, 1, 2, 3, 4}","(73, 5, 1)","(3, 2)",11
7,88,45,1,2,4,14, {3},3,"{0, 1, 2, 3, 4}","(45, 1, 2)","(0, 1)",4
7,89,26,1,2,4,14, {3},3,"{0, 1, 2, 3, 4}","(26, 1, 2)","(0, 1)",4
7,90,76,5,1,4,38, {4},9,"{0, 1, 2, 3, 4}","(76, 5, 1)","(3, 2)",11
7,91,77,5,1,4,38, {4},9,"{0, 1, 2, 3, 4}","(77, 5, 1)","(3, 2)",11
7,92,27,1,2,4,14, {3},3,"{0, 1, 2, 3, 4}","(27, 1, 2)","(0, 1)",4
7,93,71,1,1,4,26, {2},6,{0},"(71, 1, 1)","(0, 2)",8
7,94,70,5,1,4,38, {4},9,"{0, 1, 2, 3, 4}","(70, 5, 1)","(3, 2)",11
7,95,78,5,1,4,38, {4},9,"{0, 1, 2, 3, 4}","(78, 5, 1)","(3, 2)",11
7,96,67,7,1,4,34, {1},8,{2},"(67, 7, 1)","(2, 2)",10
7,97,71,5,1,4,38, {4},9,"{0, 1, 2, 3, 4}","(71, 5, 1)","(3, 2)",11
7,98,66,5,1,4,38, {4},9,"{0, 1, 2, 3, 4}","(66, 5, 1)","(3, 2)",11
7,99,67,5,1,4,38, {4},9,"{0, 1, 2, 3, 4}","(67, 5, 1)","(3, 2)",11
7,100,61,1,2,4,14, {3},3,"{0, 1, 2, 3, 4}","(61, 1, 2)","(0, 1)",4
8,1,24,1,2,0,6, {3},1,{3},"(24, 1, 2)","(1, 0)",1
8,2,58,7,2,0,10, {0},2,{0},"(58, 7, 2)","(2, 0)",2
8,3,24,1,2,0,6, {3},1,{3},"(24, 1, 2)","(1, 0)",1
8,4,40,7,2,0,10, {0},2,{0},"(40, 7, 2)","(2, 0)",2
8,5,24,1,2,0,6, {3},1,{3},"(24, 1, 2)","(1, 0)",1
8,6,26,1,2,0,6, {3},1,{3},"(26, 1, 2)","(1, 0)",1
8,7,18,7,2,0,10, {0},2,{0},"(18, 7, 2)","(2, 0)",2
8,8,4,0,0,0,34, {1},8,{2},"(4, 0, 0)","(2, 2)",10
8,9,38,3,2,0,10, {0},2,{0},"(38, 3, 2)","(2, 0)",2
8,10,12,0,0,0,34, {1},8,{2},"(12, 0, 0)","(2, 2)",10
8,11,46,7,2,0,10, {0},2,{0},"(46, 7, 2)","(2, 0)",2
8,12,26,1,2,0,6, {3},1,{3},"(26, 1, 2)","(1, 0)",1
8,13,35,7,2,0,10, {0},2,{0},"(35, 7, 2)","(2, 0)",2
8,14,19,7,2,0,10, {0},2,{0},"(19, 7, 2)","(2, 0)",2
8,15,29,4,2,0,10, {0},2,{0},"(29, 4, 2)","(2, 0)",2
8,16,24,0,2,0,10, {0},2,{0},"(24, 0, 2)","(2, 0)",2
8,17,35,1,2,0,6, {3},1,{3},"(35, 1, 2)","(1, 0)",1
8,18,48,1,2,0,6, {3},1,{3},"(48, 1, 2)","(1, 0)",1
8,19,41,1,2,0,6, {3},1,{3},"(41, 1, 2)","(1, 0)",1
8,20,10,0,0,0,34, {1},8,{2},"(10, 0, 0)","(2, 2)",10
8,21,85,5,1,1,38, {4},9,{2},"(85, 5, 1)","(3, 2)",11
8,22,74,5,1,1,38, {4},9,{2},"(74, 5, 1)","(3, 2)",11
8,23,64,5,1,1,38, {4},9,{2},"(64, 5, 1)","(3, 2)",11
8,24,73,5,1,1,38, {4},9,{2},"(73, 5, 1)","(3, 2)",11
8,25,15,7,2,1,10, {0},2,{0},"(15, 7, 2)","(2, 0)",2
8,26,5,0,0,1,34, {1},8,{2},"(5, 0, 0)","(2, 2)",10
8,27,4,0,0,1,34, {1},8,{2},"(4, 0, 0)","(2, 2)",10
8,28,10,0,0,1,34, {1},8,{2},"(10, 0, 0)","(2, 2)",10
8,29,54,6,1,1,30, {2},7,"{0, 1, 2, 3, 4}","(54, 6, 1)","(1, 2)",9
8,30,3,0,0,1,34, {1},8,{2},"(3, 0, 0)","(2, 2)",10
8,31,45,3,2,1,10, {0},2,{0},"(45, 3, 2)","(2, 0)",2
8,32,28,1,2,1,6, {3},1,{3},"(28, 1, 2)","(1, 0)",1
8,33,17,4,1,1,34, {1},8,{2},"(17, 4, 1)","(2, 2)",10
8,34,57,1,2,1,6, {3},1,{3},"(57, 1, 2)","(1, 0)",1
8,35,77,6,1,1,30, {2},7,"{0, 1, 2, 3, 4}","(77, 6, 1)","(1, 2)",9
8,36,5,0,0,1,34, {1},8,{2},"(5, 0, 0)","(2, 2)",10
8,37,80,5,1,1,38, {4},9,{2},"(80, 5, 1)","(3, 2)",11
8,38,16,1,2,1,6, {3},1,{3},"(16, 1, 2)","(1, 0)",1
8,39,57,7,2,1,10, {0},2,{0},"(57, 7, 2)","(2, 0)",2
8,40,21,7,1,1,34, {1},8,{2},"(21, 7, 1)","(2, 2)",10
8,41,56,4,2,2,10, {0},2,{0},"(56, 4, 2)","(2, 0)",2
8,42,64,5,2,2,14, {2},3,{2},"(64, 5, 2)","(3, 0)",3
8,43,38,2,2,2,2, {2},0,{2},"(38, 2, 2)","(0, 0)",0
8,44,79,1,1,2,30, {2},7,"{0, 1, 2, 3, 4}","(79, 1, 1)","(1, 2)",9
8,45,57,7,2,2,10, {0},2,{0},"(57, 7, 2)","(2, 0)",2
8,46,65,1,2,2,6, {3},1,{3},"(65, 1, 2)","(1, 0)",1
8,47,5,0,0,2,34, {1},8,{2},"(5, 0, 0)","(2, 2)",10
8,48,76,5,1,2,38, {4},9,{2},"(76, 5, 1)","(3, 2)",11
8,49,49,1,2,2,6, {3},1,{3},"(49, 1, 2)","(1, 0)",1
8,50,37,2,2,2,2, {2},0,{2},"(37, 2, 2)","(0, 0)",0
8,51,2,0,0,2,34, {1},8,{2},"(2, 0, 0)","(2, 2)",10
8,52,41,1,2,2,6, {3},1,{3},"(41, 1, 2)","(1, 0)",1
8,53,67,1,1,2,30, {2},7,"{0, 1, 2, 3, 4}","(67, 1, 1)","(1, 2)",9
8,54,67,5,1,2,38, {4},9,{2},"(67, 5, 1)","(3, 2)",11
8,55,63,5,2,2,14, {2},3,{2},"(63, 5, 2)","(3, 0)",3
8,56,85,5,1,2,38, {4},9,{2},"(85, 5, 1)","(3, 2)",11
8,57,19,1,2,2,6, {3},1,{3},"(19, 1, 2)","(1, 0)",1
8,58,70,2,1,2,26, {2},6,"{0, 1, 2, 3, 4}","(70, 2, 1)","(0, 2)",8
8,59,38,1,2,2,6, {3},1,{3},"(38, 1, 2)","(1, 0)",1
8,60,56,6,1,2,30, {2},7,"{0, 1, 2, 3, 4}","(56, 6, 1)","(1, 2)",9
8,61,29,1,2,3,6, {3},1,{3},"(29, 1, 2)","(1, 0)",1
8,62,26,1,2,3,6, {3},1,{3},"(26, 1, 2)","(1, 0)",1
8,63,59,1,2,3,6, {3},1,{3},"(59, 1, 2)","(1, 0)",1
8,64,63,1,1,3,30, {2},7,"{0, 1, 2, 3, 4}","(63, 1, 1)","(1, 2)",9
8,65,14,0,0,3,34, {1},8,{2},"(14, 0, 0)","(2, 2)",10
8,66,22,4,2,3,10, {0},2,{0},"(22, 4, 2)","(2, 0)",2
8,67,25,7,2,3,10, {0},2,{0},"(25, 7, 2)","(2, 0)",2
8,68,18,1,2,3,6, {3},1,{3},"(18, 1, 2)","(1, 0)",1
8,69,25,1,2,3,6, {3},1,{3},"(25, 1, 2)","(1, 0)",1
8,70,46,1,2,3,6, {3},1,{3},"(46, 1, 2)","(1, 0)",1
8,71,40,1,2,3,6, {3},1,{3},"(40, 1, 2)","(1, 0)",1
8,72,29,4,2,3,10, {0},2,{0},"(29, 4, 2)","(2, 0)",2
8,73,33,1,2,3,6, {3},1,{3},"(33, 1, 2)","(1, 0)",1
8,74,4,0,0,3,34, {1},8,{2},"(4, 0, 0)","(2, 2)",10
8,75,12,0,0,3,34, {1},8,{2},"(12, 0, 0)","(2, 2)",10
8,76,51,7,2,3,10, {0},2,{0},"(51, 7, 2)","(2, 0)",2
8,77,29,1,2,3,6, {3},1,{3},"(29, 1, 2)","(1, 0)",1
8,78,7,0,0,3,34, {1},8,{2},"(7, 0, 0)","(2, 2)",10
8,79,51,1,2,3,6, {3},1,{3},"(51, 1, 2)","(1, 0)",1
8,80,41,1,2,3,6, {3},1,{3},"(41, 1, 2)","(1, 0)",1
8,81,78,5,2,4,14, {2},3,{2},"(78, 5, 2)","(3, 0)",3
8,82,60,2,2,4,2, {2},0,{2},"(60, 2, 2)","(0, 0)",0
8,83,27,1,2,4,6, {3},1,{3},"(27, 1, 2)","(1, 0)",1
8,84,65,1,2,4,6, {3},1,{3},"(65, 1, 2)","(1, 0)",1
8,85,22,1,2,4,6, {3},1,{3},"(22, 1, 2)","(1, 0)",1
8,86,42,1,2,4,6, {3},1,{3},"(42, 1, 2)","(1, 0)",1
8,87,73,5,1,4,38, {4},9,{2},"(73, 5, 1)","(3, 2)",11
8,88,45,1,2,4,6, {3},1,{3},"(45, 1, 2)","(1, 0)",1
8,89,26,1,2,4,6, {3},1,{3},"(26, 1, 2)","(1, 0)",1
8,90,76,5,1,4,38, {4},9,{2},"(76, 5, 1)","(3, 2)",11
8,91,77,5,1,4,38, {4},9,{2},"(77, 5, 1)","(3, 2)",11
8,92,27,1,2,4,6, {3},1,{3},"(27, 1, 2)","(1, 0)",1
8,93,71,1,1,4,30, {2},7,"{0, 1, 2, 3, 4}","(71, 1, 1)","(1, 2)",9
8,94,70,5,1,4,38, {4},9,{2},"(70, 5, 1)","(3, 2)",11
8,95,78,5,1,4,38, {4},9,{2},"(78, 5, 1)","(3, 2)",11
8,96,67,7,1,4,34, {1},8,{2},"(67, 7, 1)","(2, 2)",10
8,97,71,5,1,4,38, {4},9,{2},"(71, 5, 1)","(3, 2)",11
8,98,66,5,1,4,38, {4},9,{2},"(66, 5, 1)","(3, 2)",11
8,99,67,5,1,4,38, {4},9,{2},"(67, 5, 1)","(3, 2)",11
8,100,61,1,2,4,6, {3},1,{3},"(61, 1, 2)","(1, 0)",1
9,1,24,1,2,0,6, {3},1,{3},"(24, 1, 2)","(1, 0)",1
9,2,58,7,2,0,10, {0},2,{0},"(58, 7, 2)","(2, 0)",2
9,3,24,1,2,0,6, {3},1,{3},"(24, 1, 2)","(1, 0)",1
9,4,40,7,2,0,10, {0},2,{0},"(40, 7, 2)","(2, 0)",2
9,5,24,1,2,0,6, {3},1,{3},"(24, 1, 2)","(1, 0)",1
9,6,26,1,2,0,6, {3},1,{3},"(26, 1, 2)","(1, 0)",1
9,7,18,7,2,0,10, {0},2,{0},"(18, 7, 2)","(2, 0)",2
9,8,4,0,0,0,34, {1},8,{2},"(4, 0, 0)","(2, 2)",10
9,9,38,3,2,0,10, {0},2,{0},"(38, 3, 2)","(2, 0)",2
9,10,12,0,0,0,34, {1},8,{2},"(12, 0, 0)","(2, 2)",10
9,11,46,7,2,0,10, {0},2,{0},"(46, 7, 2)","(2, 0)",2
9,12,26,1,2,0,6, {3},1,{3},"(26, 1, 2)","(1, 0)",1
9,13,35,7,2,0,10, {0},2,{0},"(35, 7, 2)","(2, 0)",2
9,14,19,7,2,0,10, {0},2,{0},"(19, 7, 2)","(2, 0)",2
9,15,29,4,2,0,10, {0},2,{0},"(29, 4, 2)","(2, 0)",2
9,16,24,0,2,0,10, {0},2,{0},"(24, 0, 2)","(2, 0)",2
9,17,35,1,2,0,6, {3},1,{3},"(35, 1, 2)","(1, 0)",1
9,18,48,1,2,0,6, {3},1,{3},"(48, 1, 2)","(1, 0)",1
9,19,41,1,2,0,6, {3},1,{3},"(41, 1, 2)","(1, 0)",1
9,20,10,0,0,0,34, {1},8,{2},"(10, 0, 0)","(2, 2)",10
9,21,85,5,1,1,38, {4},9,{2},"(85, 5, 1)","(3, 2)",11
9,22,74,5,1,1,38, {4},9,{2},"(74, 5, 1)","(3, 2)",11
9,23,64,5,1,1,38, {4},9,{2},"(64, 5, 1)","(3, 2)",11
9,24,73,5,1,1,38, {4},9,{2},"(73, 5, 1)","(3, 2)",11
9,25,15,7,2,1,10, {0},2,{0},"(15, 7, 2)","(2, 0)",2
9,26,5,0,0,1,34, {1},8,{2},"(5, 0, 0)","(2, 2)",10
9,27,4,0,0,1,34, {1},8,{2},"(4, 0, 0)","(2, 2)",10
9,28,10,0,0,1,34, {1},8,{2},"(10, 0, 0)","(2, 2)",10
9,29,54,6,1,1,34, {1},8,{2},"(54, 6, 1)","(2, 2)",10
9,30,3,0,0,1,34, {1},8,{2},"(3, 0, 0)","(2, 2)",10
9,31,45,3,2,1,10, {0},2,{0},"(45, 3, 2)","(2, 0)",2
9,32,28,1,2,1,6, {3},1,{3},"(28, 1, 2)","(1, 0)",1
9,33,17,4,1,1,34, {1},8,{2},"(17, 4, 1)","(2, 2)",10
9,34,57,1,2,1,6, {3},1,{3},"(57, 1, 2)","(1, 0)",1
9,35,77,6,1,1,34, {1},8,{2},"(77, 6, 1)","(2, 2)",10
9,36,5,0,0,1,34, {1},8,{2},"(5, 0, 0)","(2, 2)",10
9,37,80,5,1,1,38, {4},9,{2},"(80, 5, 1)","(3, 2)",11
9,38,16,1,2,1,6, {3},1,{3},"(16, 1, 2)","(1, 0)",1
9,39,57,7,2,1,10, {0},2,{0},"(57, 7, 2)","(2, 0)",2
9,40,21,7,1,1,34, {1},8,{2},"(21, 7, 1)","(2, 2)",10
9,41,56,4,2,2,10, {0},2,{0},"(56, 4, 2)","(2, 0)",2
9,42,64,5,2,2,14, {2},3,{2},"(64, 5, 2)","(3, 0)",3
9,43,38,2,2,2,2, {2},0,{2},"(38, 2, 2)","(0, 0)",0
9,44,79,1,1,2,30, {2},7,"{0, 1, 2, 3, 4}","(79, 1, 1)","(1, 2)",9
9,45,57,7,2,2,10, {0},2,{0},"(57, 7, 2)","(2, 0)",2
9,46,65,1,2,2,6, {3},1,{3},"(65, 1, 2)","(1, 0)",1
9,47,5,0,0,2,34, {1},8,{2},"(5, 0, 0)","(2, 2)",10
9,48,76,5,1,2,38, {4},9,{2},"(76, 5, 1)","(3, 2)",11
9,49,49,1,2,2,6, {3},1,{3},"(49, 1, 2)","(1, 0)",1
9,50,37,2,2,2,2, {2},0,{2},"(37, 2, 2)","(0, 0)",0
9,51,2,0,0,2,34, {1},8,{2},"(2, 0, 0)","(2, 2)",10
9,52,41,1,2,2,6, {3},1,{3},"(41, 1, 2)","(1, 0)",1
9,53,67,1,1,2,30, {2},7,"{0, 1, 2, 3, 4}","(67, 1, 1)","(1, 2)",9
9,54,67,5,1,2,38, {4},9,{2},"(67, 5, 1)","(3, 2)",11
9,55,63,5,2,2,14, {2},3,{2},"(63, 5, 2)","(3, 0)",3
9,56,85,5,1,2,38, {4},9,{2},"(85, 5, 1)","(3, 2)",11
9,57,19,1,2,2,6, {3},1,{3},"(19, 1, 2)","(1, 0)",1
9,58,70,2,1,2,26, {2},6,"{0, 1, 2, 3, 4}","(70, 2, 1)","(0, 2)",8
9,59,38,1,2,2,6, {3},1,{3},"(38, 1, 2)","(1, 0)",1
9,60,56,6,1,2,34, {1},8,{2},"(56, 6, 1)","(2, 2)",10
9,61,29,1,2,3,6, {3},1,{3},"(29, 1, 2)","(1, 0)",1
9,62,26,1,2,3,6, {3},1,{3},"(26, 1, 2)","(1, 0)",1
9,63,59,1,2,3,6, {3},1,{3},"(59, 1, 2)","(1, 0)",1
9,64,63,1,1,3,30, {2},7,"{0, 1, 2, 3, 4}","(63, 1, 1)","(1, 2)",9
9,65,14,0,0,3,34, {1},8,{2},"(14, 0, 0)","(2, 2)",10
9,66,22,4,2,3,10, {0},2,{0},"(22, 4, 2)","(2, 0)",2
9,67,25,7,2,3,10, {0},2,{0},"(25, 7, 2)","(2, 0)",2
9,68,18,1,2,3,6, {3},1,{3},"(18, 1, 2)","(1, 0)",1
9,69,25,1,2,3,6, {3},1,{3},"(25, 1, 2)","(1, 0)",1
9,70,46,1,2,3,6, {3},1,{3},"(46, 1, 2)","(1, 0)",1
9,71,40,1,2,3,6, {3},1,{3},"(40, 1, 2)","(1, 0)",1
9,72,29,4,2,3,10, {0},2,{0},"(29, 4, 2)","(2, 0)",2
9,73,33,1,2,3,6, {3},1,{3},"(33, 1, 2)","(1, 0)",1
9,74,4,0,0,3,34, {1},8,{2},"(4, 0, 0)","(2, 2)",10
9,75,12,0,0,3,34, {1},8,{2},"(12, 0, 0)","(2, 2)",10
9,76,51,7,2,3,10, {0},2,{0},"(51, 7, 2)","(2, 0)",2
9,77,29,1,2,3,6, {3},1,{3},"(29, 1, 2)","(1, 0)",1
9,78,7,0,0,3,34, {1},8,{2},"(7, 0, 0)","(2, 2)",10
9,79,51,1,2,3,6, {3},1,{3},"(51, 1, 2)","(1, 0)",1
9,80,41,1,2,3,6, {3},1,{3},"(41, 1, 2)","(1, 0)",1
9,81,78,5,2,4,14, {2},3,{2},"(78, 5, 2)","(3, 0)",3
9,82,60,2,2,4,2, {2},0,{2},"(60, 2, 2)","(0, 0)",0
9,83,27,1,2,4,6, {3},1,{3},"(27, 1, 2)","(1, 0)",1
9,84,65,1,2,4,6, {3},1,{3},"(65, 1, 2)","(1, 0)",1
9,85,22,1,2,4,6, {3},1,{3},"(22, 1, 2)","(1, 0)",1
9,86,42,1,2,4,6, {3},1,{3},"(42, 1, 2)","(1, 0)",1
9,87,73,5,1,4,38, {4},9,{2},"(73, 5, 1)","(3, 2)",11
9,88,45,1,2,4,6, {3},1,{3},"(45, 1, 2)","(1, 0)",1
9,89,26,1,2,4,6, {3},1,{3},"(26, 1, 2)","(1, 0)",1
9,90,76,5,1,4,38, {4},9,{2},"(76, 5, 1)","(3, 2)",11
9,91,77,5,1,4,38, {4},9,{2},"(77, 5, 1)","(3, 2)",11
9,92,27,1,2,4,6, {3},1,{3},"(27, 1, 2)","(1, 0)",1
9,93,71,1,1,4,30, {2},7,"{0, 1, 2, 3, 4}","(71, 1, 1)","(1, 2)",9
9,94,70,5,1,4,38, {4},9,{2},"(70, 5, 1)","(3, 2)",11
9,95,78,5,1,4,38, {4},9,{2},"(78, 5, 1)","(3, 2)",11
9,96,67,7,1,4,34, {1},8,{2},"(67, 7, 1)","(2, 2)",10
9,97,71,5,1,4,38, {4},9,{2},"(71, 5, 1)","(3, 2)",11
9,98,66,5,1,4,38, {4},9,{2},"(66, 5, 1)","(3, 2)",11
9,99,67,5,1,4,38, {4},9,{2},"(67, 5, 1)","(3, 2)",11
9,100,61,1,2,4,6, {3},1,{3},"(61, 1, 2)","(1, 0)",1
10,1,24,1,2,0,4, {0},4,{0},"(24, 1, 2)","(0, 1)",4
10,2,58,7,2,0,6, {3},6,{3},"(58, 7, 2)","(2, 1)",6
10,3,24,1,2,0,4, {0},4,{0},"(24, 1, 2)","(0, 1)",4
10,4,40,7,2,0,5, {3},5,{3},"(40, 7, 2)","(1, 1)",5
10,5,24,1,2,0,4, {0},4,{0},"(24, 1, 2)","(0, 1)",4
10,6,26,1,2,0,5, {3},5,{3},"(26, 1, 2)","(1, 1)",5
10,7,18,7,2,0,4, {0},4,{0},"(18, 7, 2)","(0, 1)",4
10,8,4,0,0,0,12, {1},12,{1},"(4, 0, 0)","(0, 3)",12
10,9,38,3,2,0,13, {0},13,{0},"(38, 3, 2)","(1, 3)",13
10,10,12,0,0,0,12, {1},12,{1},"(12, 0, 0)","(0, 3)",12
10,11,46,7,2,0,6, {3},6,{3},"(46, 7, 2)","(2, 1)",6
10,12,26,1,2,0,5, {3},5,{3},"(26, 1, 2)","(1, 1)",5
10,13,35,7,2,0,5, {3},5,{3},"(35, 7, 2)","(1, 1)",5
10,14,19,7,2,0,4, {0},4,{0},"(19, 7, 2)","(0, 1)",4
10,15,29,4,2,0,9, {0 3},9,"{0, 3}","(29, 4, 2)","(1, 2)",9
10,16,24,0,2,0,12, {1},12,{1},"(24, 0, 2)","(0, 3)",12
10,17,35,1,2,0,5, {3},5,{3},"(35, 1, 2)","(1, 1)",5
10,18,48,1,2,0,6, {3},6,{3},"(48, 1, 2)","(2, 1)",6
10,19,41,1,2,0,6, {3},6,{3},"(41, 1, 2)","(2, 1)",6
10,20,10,0,0,0,12, {1},12,{1},"(10, 0, 0)","(0, 3)",12
10,21,85,5,1,1,11, {4},11,{4},"(85, 5, 1)","(3, 2)",11
10,22,74,5,1,1,11, {4},11,{4},"(74, 5, 1)","(3, 2)",11
10,23,64,5,1,1,10, {2},10,{2},"(64, 5, 1)","(2, 2)",10
10,24,73,5,1,1,11, {4},11,{4},"(73, 5, 1)","(3, 2)",11
10,25,15,7,2,1,4, {0},4,{0},"(15, 7, 2)","(0, 1)",4
10,26,5,0,0,1,12, {1},12,{1},"(5, 0, 0)","(0, 3)",12
10,27,4,0,0,1,12, {1},12,{1},"(4, 0, 0)","(0, 3)",12
10,28,10,0,0,1,12, {1},12,{1},"(10, 0, 0)","(0, 3)",12
10,29,54,6,1,1,14, {1},14,{1},"(54, 6, 1)","(2, 3)",14
10,30,3,0,0,1,12, {1},12,{1},"(3, 0, 0)","(0, 3)",12
10,31,45,3,2,1,14, {1},14,{1},"(45, 3, 2)","(2, 3)",14
10,32,28,1,2,1,5, {3},5,{3},"(28, 1, 2)","(1, 1)",5
10,33,17,4,1,1,8, {1 3},8,"{1, 3}","(17, 4, 1)","(0, 2)",8
10,34,57,1,2,1,6, {3},6,{3},"(57, 1, 2)","(2, 1)",6
10,35,77,6,1,1,15, {1},15,{1},"(77, 6, 1)","(3, 3)",15
10,36,5,0,0,1,12, {1},12,{1},"(5, 0, 0)","(0, 3)",12
10,37,80,5,1,1,11, {4},11,{4},"(80, 5, 1)","(3, 2)",11
10,38,16,1,2,1,4, {0},4,{0},"(16, 1, 2)","(0, 1)",4
10,39,57,7,2,1,6, {3},6,{3},"(57, 7, 2)","(2, 1)",6
10,40,21,7,1,1,4, {0},4,{0},"(21, 7, 1)","(0, 1)",4
10,41,56,4,2,2,10, {2},10,{2},"(56, 4, 2)","(2, 2)",10
10,42,64,5,2,2,10, {2},10,{2},"(64, 5, 2)","(2, 2)",10
10,43,38,2,2,2,1, {2},1,{2},"(38, 2, 2)","(1, 0)",1
10,44,79,1,1,2,7, {2 4},7,"{2, 4}","(79, 1, 1)","(3, 1)",7
10,45,57,7,2,2,6, {3},6,{3},"(57, 7, 2)","(2, 1)",6
10,46,65,1,2,2,6, {3},6,{3},"(65, 1, 2)","(2, 1)",6
10,47,5,0,0,2,12, {1},12,{1},"(5, 0, 0)","(0, 3)",12
10,48,76,5,1,2,11, {4},11,{4},"(76, 5, 1)","(3, 2)",11
10,49,49,1,2,2,6, {3},6,{3},"(49, 1, 2)","(2, 1)",6
10,50,37,2,2,2,1, {2},1,{2},"(37, 2, 2)","(1, 0)",1
10,51,2,0,0,2,12, {1},12,{1},"(2, 0, 0)","(0, 3)",12
10,52,41,1,2,2,6, {3},6,{3},"(41, 1, 2)","(2, 1)",6
10,53,67,1,1,2,7, {2 4},7,"{2, 4}","(67, 1, 1)","(3, 1)",7
10,54,67,5,1,2,11, {4},11,{4},"(67, 5, 1)","(3, 2)",11
10,55,63,5,2,2,10, {2},10,{2},"(63, 5, 2)","(2, 2)",10
10,56,85,5,1,2,11, {4},11,{4},"(85, 5, 1)","(3, 2)",11
10,57,19,1,2,2,4, {0},4,{0},"(19, 1, 2)","(0, 1)",4
10,58,70,2,1,2,3, {2},3,{2},"(70, 2, 1)","(3, 0)",3
10,59,38,1,2,2,5, {3},5,{3},"(38, 1, 2)","(1, 1)",5
10,60,56,6,1,2,14, {1},14,{1},"(56, 6, 1)","(2, 3)",14
10,61,29,1,2,3,5, {3},5,{3},"(29, 1, 2)","(1, 1)",5
10,62,26,1,2,3,5, {3},5,{3},"(26, 1, 2)","(1, 1)",5
10,63,59,1,2,3,6, {3},6,{3},"(59, 1, 2)","(2, 1)",6
10,64,63,1,1,3,6, {3},6,{3},"(63, 1, 1)","(2, 1)",6
10,65,14,0,0,3,12, {1},12,{1},"(14, 0, 0)","(0, 3)",12
10,66,22,4,2,3,8, {1 3},8,"{1, 3}","(22, 4, 2)","(0, 2)",8
10,67,25,7,2,3,5, {3},5,{3},"(25, 7, 2)","(1, 1)",5
10,68,18,1,2,3,4, {0},4,{0},"(18, 1, 2)","(0, 1)",4
10,69,25,1,2,3,5, {3},5,{3},"(25, 1, 2)","(1, 1)",5
10,70,46,1,2,3,6, {3},6,{3},"(46, 1, 2)","(2, 1)",6
10,71,40,1,2,3,5, {3},5,{3},"(40, 1, 2)","(1, 1)",5
10,72,29,4,2,3,9, {0 3},9,"{0, 3}","(29, 4, 2)","(1, 2)",9
10,73,33,1,2,3,5, {3},5,{3},"(33, 1, 2)","(1, 1)",5
10,74,4,0,0,3,12, {1},12,{1},"(4, 0, 0)","(0, 3)",12
10,75,12,0,0,3,12, {1},12,{1},"(12, 0, 0)","(0, 3)",12
10,76,51,7,2,3,6, {3},6,{3},"(51, 7, 2)","(2, 1)",6
10,77,29,1,2,3,5, {3},5,{3},"(29, 1, 2)","(1, 1)",5
10,78,7,0,0,3,12, {1},12,{1},"(7, 0, 0)","(0, 3)",12
10,79,51,1,2,3,6, {3},6,{3},"(51, 1, 2)","(2, 1)",6
10,80,41,1,2,3,6, {3},6,{3},"(41, 1, 2)","(2, 1)",6
10,81,78,5,2,4,11, {4},11,{4},"(78, 5, 2)","(3, 2)",11
10,82,60,2,2,4,2, {4},2,{4},"(60, 2, 2)","(2, 0)",2
10,83,27,1,2,4,5, {3},5,{3},"(27, 1, 2)","(1, 1)",5
10,84,65,1,2,4,6, {3},6,{3},"(65, 1, 2)","(2, 1)",6
10,85,22,1,2,4,4, {0},4,{0},"(22, 1, 2)","(0, 1)",4
10,86,42,1,2,4,6, {3},6,{3},"(42, 1, 2)","(2, 1)",6
10,87,73,5,1,4,11, {4},11,{4},"(73, 5, 1)","(3, 2)",11
10,88,45,1,2,4,6, {3},6,{3},"(45, 1, 2)","(2, 1)",6
10,89,26,1,2,4,5, {3},5,{3},"(26, 1, 2)","(1, 1)",5
10,90,76,5,1,4,11, {4},11,{4},"(76, 5, 1)","(3, 2)",11
10,91,77,5,1,4,11, {4},11,{4},"(77, 5, 1)","(3, 2)",11
10,92,27,1,2,4,5, {3},5,{3},"(27, 1, 2)","(1, 1)",5
10,93,71,1,1,4,7, {2 4},7,"{2, 4}","(71, 1, 1)","(3, 1)",7
10,94,70,5,1,4,11, {4},11,{4},"(70, 5, 1)","(3, 2)",11
10,95,78,5,1,4,11, {4},11,{4},"(78, 5, 1)","(3, 2)",11
10,96,67,7,1,4,7, {2 4},7,"{2, 4}","(67, 7, 1)","(3, 1)",7
10,97,71,5,1,4,11, {4},11,{4},"(71, 5, 1)","(3, 2)",11
10,98,66,5,1,4,11, {4},11,{4},"(66, 5, 1)","(3, 2)",11
10,99,67,5,1,4,11, {4},11,{4},"(67, 5, 1)","(3, 2)",11
10,100,61,1,2,4,6, {3},6,{3},"(61, 1, 2)","(2, 1)",6
11,1,24,1,2,0,4, {0},4,{0},"(24, 1, 2)","(0, 1)",4
11,2,58,7,2,0,6, {3},6,{3},"(58, 7, 2)","(2, 1)",6
11,3,24,1,2,0,4, {0},4,{0},"(24, 1, 2)","(0, 1)",4
11,4,40,7,2,0,5, {3},5,{3},"(40, 7, 2)","(1, 1)",5
11,5,24,1,2,0,4, {0},4,{0},"(24, 1, 2)","(0, 1)",4
11,6,26,1,2,0,5, {3},5,{3},"(26, 1, 2)","(1, 1)",5
11,7,18,7,2,0,4, {0},4,{0},"(18, 7, 2)","(0, 1)",4
11,8,4,0,0,0,12, {1},12,{1},"(4, 0, 0)","(0, 3)",12
11,9,38,3,2,0,13, {0},13,{0},"(38, 3, 2)","(1, 3)",13
11,10,12,0,0,0,12, {1},12,{1},"(12, 0, 0)","(0, 3)",12
11,11,46,7,2,0,6, {3},6,{3},"(46, 7, 2)","(2, 1)",6
11,12,26,1,2,0,5, {3},5,{3},"(26, 1, 2)","(1, 1)",5
11,13,35,7,2,0,5, {3},5,{3},"(35, 7, 2)","(1, 1)",5
11,14,19,7,2,0,4, {0},4,{0},"(19, 7, 2)","(0, 1)",4
11,15,29,4,2,0,9, {0 3},9,"{0, 3}","(29, 4, 2)","(1, 2)",9
11,16,24,0,2,0,12, {1},12,{1},"(24, 0, 2)","(0, 3)",12
11,17,35,1,2,0,5, {3},5,{3},"(35, 1, 2)","(1, 1)",5
11,18,48,1,2,0,6, {3},6,{3},"(48, 1, 2)","(2, 1)",6
11,19,41,1,2,0,6, {3},6,{3},"(41, 1, 2)","(2, 1)",6
11,20,10,0,0,0,12, {1},12,{1},"(10, 0, 0)","(0, 3)",12
11,21,85,5,1,1,11, {4},11,{4},"(85, 5, 1)","(3, 2)",11
11,22,74,5,1,1,11, {4},11,{4},"(74, 5, 1)","(3, 2)",11
11,23,64,5,1,1,10, {2},10,{2},"(64, 5, 1)","(2, 2)",10
11,24,73,5,1,1,11, {4},11,{4},"(73, 5, 1)","(3, 2)",11
11,25,15,7,2,1,4, {0},4,{0},"(15, 7, 2)","(0, 1)",4
11,26,5,0,0,1,12, {1},12,{1},"(5, 0, 0)","(0, 3)",12
11,27,4,0,0,1,12, {1},12,{1},"(4, 0, 0)","(0, 3)",12
11,28,10,0,0,1,12, {1},12,{1},"(10, 0, 0)","(0, 3)",12
11,29,54,6,1,1,14, {1},14,{1},"(54, 6, 1)","(2, 3)",14
11,30,3,0,0,1,12, {1},12,{1},"(3, 0, 0)","(0, 3)",12
11,31,45,3,2,1,14, {1},14,{1},"(45, 3, 2)","(2, 3)",14
11,32,28,1,2,1,5, {3},5,{3},"(28, 1, 2)","(1, 1)",5
11,33,17,4,1,1,8, {1 3},8,"{1, 3}","(17, 4, 1)","(0, 2)",8
11,34,57,1,2,1,6, {3},6,{3},"(57, 1, 2)","(2, 1)",6
11,35,77,6,1,1,15, {1},15,{1},"(77, 6, 1)","(3, 3)",15
11,36,5,0,0,1,12, {1},12,{1},"(5, 0, 0)","(0, 3)",12
11,37,80,5,1,1,11, {4},11,{4},"(80, 5, 1)","(3, 2)",11
11,38,16,1,2,1,4, {0},4,{0},"(16, 1, 2)","(0, 1)",4
11,39,57,7,2,1,6, {3},6,{3},"(57, 7, 2)","(2, 1)",6
11,40,21,7,1,1,4, {0},4,{0},"(21, 7, 1)","(0, 1)",4
11,41,56,4,2,2,10, {2},10,{2},"(56, 4, 2)","(2, 2)",10
11,42,64,5,2,2,10, {2},10,{2},"(64, 5, 2)","(2, 2)",10
11,43,38,2,2,2,1, {2},1,{2},"(38, 2, 2)","(1, 0)",1
11,44,79,1,1,2,7, {2 4},7,"{2, 4}","(79, 1, 1)","(3, 1)",7
11,45,57,7,2,2,6, {3},6,{3},"(57, 7, 2)","(2, 1)",6
11,46,65,1,2,2,7, {2 4},7,"{2, 4}","(65, 1, 2)","(3, 1)",7
11,47,5,0,0,2,12, {1},12,{1},"(5, 0, 0)","(0, 3)",12
11,48,76,5,1,2,11, {4},11,{4},"(76, 5, 1)","(3, 2)",11
11,49,49,1,2,2,6, {3},6,{3},"(49, 1, 2)","(2, 1)",6
11,50,37,2,2,2,1, {2},1,{2},"(37, 2, 2)","(1, 0)",1
11,51,2,0,0,2,12, {1},12,{1},"(2, 0, 0)","(0, 3)",12
11,52,41,1,2,2,6, {3},6,{3},"(41, 1, 2)","(2, 1)",6
11,53,67,1,1,2,7, {2 4},7,"{2, 4}","(67, 1, 1)","(3, 1)",7
11,54,67,5,1,2,11, {4},11,{4},"(67, 5, 1)","(3, 2)",11
11,55,63,5,2,2,10, {2},10,{2},"(63, 5, 2)","(2, 2)",10
11,56,85,5,1,2,11, {4},11,{4},"(85, 5, 1)","(3, 2)",11
11,57,19,1,2,2,4, {0},4,{0},"(19, 1, 2)","(0, 1)",4
11,58,70,2,1,2,3, {2},3,{2},"(70, 2, 1)","(3, 0)",3
11,59,38,1,2,2,5, {3},5,{3},"(38, 1, 2)","(1, 1)",5
11,60,56,6,1,2,14, {1},14,{1},"(56, 6, 1)","(2, 3)",14
11,61,29,1,2,3,5, {3},5,{3},"(29, 1, 2)","(1, 1)",5
11,62,26,1,2,3,5, {3},5,{3},"(26, 1, 2)","(1, 1)",5
11,63,59,1,2,3,6, {3},6,{3},"(59, 1, 2)","(2, 1)",6
11,64,63,1,1,3,6, {3},6,{3},"(63, 1, 1)","(2, 1)",6
11,65,14,0,0,3,12, {1},12,{1},"(14, 0, 0)","(0, 3)",12
11,66,22,4,2,3,8, {1 3},8,"{1, 3}","(22, 4, 2)","(0, 2)",8
11,67,25,7,2,3,5, {3},5,{3},"(25, 7, 2)","(1, 1)",5
11,68,18,1,2,3,4, {0},4,{0},"(18, 1, 2)","(0, 1)",4
11,69,25,1,2,3,5, {3},5,{3},"(25, 1, 2)","(1, 1)",5
11,70,46,1,2,3,6, {3},6,{3},"(46, 1, 2)","(2, 1)",6
11,71,40,1,2,3,5, {3},5,{3},"(40, 1, 2)","(1, 1)",5
11,72,29,4,2,3,9, {0 3},9,"{0, 3}","(29, 4, 2)","(1, 2)",9
11,73,33,1,2,3,5, {3},5,{3},"(33, 1, 2)","(1, 1)",5
11,74,4,0,0,3,12, {1},12,{1},"(4, 0, 0)","(0, 3)",12
11,75,12,0,0,3,12, {1},12,{1},"(12, 0, 0)","(0, 3)",12
11,76,51,7,2,3,6, {3},6,{3},"(51, 7, 2)","(2, 1)",6
11,77,29,1,2,3,5, {3},5,{3},"(29, 1, 2)","(1, 1)",5
11,78,7,0,0,3,12, {1},12,{1},"(7, 0, 0)","(0, 3)",12
11,79,51,1,2,3,6, {3},6,{3},"(51, 1, 2)","(2, 1)",6
11,80,41,1,2,3,6, {3},6,{3},"(41, 1, 2)","(2, 1)",6
11,81,78,5,2,4,11, {4},11,{4},"(78, 5, 2)","(3, 2)",11
11,82,60,2,2,4,2, {4},2,{4},"(60, 2, 2)","(2, 0)",2
11,83,27,1,2,4,5, {3},5,{3},"(27, 1, 2)","(1, 1)",5
11,84,65,1,2,4,7, {2 4},7,"{2, 4}","(65, 1, 2)","(3, 1)",7
11,85,22,1,2,4,4, {0},4,{0},"(22, 1, 2)","(0, 1)",4
11,86,42,1,2,4,6, {3},6,{3},"(42, 1, 2)","(2, 1)",6
11,87,73,5,1,4,11, {4},11,{4},"(73, 5, 1)","(3, 2)",11
11,88,45,1,2,4,6, {3},6,{3},"(45, 1, 2)","(2, 1)",6
11,89,26,1,2,4,5, {3},5,{3},"(26, 1, 2)","(1, 1)",5
11,90,76,5,1,4,11, {4},11,{4},"(76, 5, 1)","(3, 2)",11
11,91,77,5,1,4,11, {4},11,{4},"(77, 5, 1)","(3, 2)",11
11,92,27,1,2,4,5, {3},5,{3},"(27, 1, 2)","(1, 1)",5
11,93,71,1,1,4,7, {2 4},7,"{2, 4}","(71, 1, 1)","(3, 1)",7
11,94,70,5,1,4,11, {4},11,{4},"(70, 5, 1)","(3, 2)",11
11,95,78,5,1,4,11, {4},11,{4},"(78, 5, 1)","(3, 2)",11
11,96,67,7,1,4,7, {2 4},7,"{2, 4}","(67, 7, 1)","(3, 1)",7
11,97,71,5,1,4,11, {4},11,{4},"(71, 5, 1)","(3, 2)",11
11,98,66,5,1,4,11, {4},11,{4},"(66, 5, 1)","(3, 2)",11
11,99,67,5,1,4,11, {4},11,{4},"(67, 5, 1)","(3, 2)",11
11,100,61,1,2,4,6, {3},6,{3},"(61, 1, 2)","(2, 1)",6
12,1,24,1,2,0,4, {0},4,{0},"(24, 1, 2)","(0, 1)",4
12,2,58,7,2,0,10, {2},10,{2},"(58, 7, 2)","(2, 2)",10
12,3,24,1,2,0,4, {0},4,{0},"(24, 1, 2)","(0, 1)",4
12,4,40,7,2,0,9, {0},9,{0},"(40, 7, 2)","(1, 2)",9
12,5,24,1,2,0,4, {0},4,{0},"(24, 1, 2)","(0, 1)",4
12,6,26,1,2,0,5, {3},5,{3},"(26, 1, 2)","(1, 1)",5
12,7,18,7,2,0,8, {1},8,{1},"(18, 7, 2)","(0, 2)",8
12,8,4,0,0,0,12, {1},12,{1},"(4, 0, 0)","(0, 3)",12
12,9,38,3,2,0,13, {0},13,{0},"(38, 3, 2)","(1, 3)",13
12,10,12,0,0,0,12, {1},12,{1},"(12, 0, 0)","(0, 3)",12
12,11,46,7,2,0,10, {2},10,{2},"(46, 7, 2)","(2, 2)",10
12,12,26,1,2,0,5, {3},5,{3},"(26, 1, 2)","(1, 1)",5
12,13,35,7,2,0,9, {0},9,{0},"(35, 7, 2)","(1, 2)",9
12,14,19,7,2,0,8, {1},8,{1},"(19, 7, 2)","(0, 2)",8
12,15,29,4,2,0,9, {0},9,{0},"(29, 4, 2)","(1, 2)",9
12,16,24,0,2,0,12, {1},12,{1},"(24, 0, 2)","(0, 3)",12
12,17,35,1,2,0,5, {3},5,{3},"(35, 1, 2)","(1, 1)",5
12,18,48,1,2,0,6, {3},6,{3},"(48, 1, 2)","(2, 1)",6
12,19,41,1,2,0,6, {3},6,{3},"(41, 1, 2)","(2, 1)",6
12,20,10,0,0,0,12, {1},12,{1},"(10, 0, 0)","(0, 3)",12
12,21,85,5,1,1,11, {4},11,{4},"(85, 5, 1)","(3, 2)",11
12,22,74,5,1,1,11, {4},11,{4},"(74, 5, 1)","(3, 2)",11
12,23,64,5,1,1,10, {2},10,{2},"(64, 5, 1)","(2, 2)",10
12,24,73,5,1,1,11, {4},11,{4},"(73, 5, 1)","(3, 2)",11
12,25,15,7,2,1,8, {1},8,{1},"(15, 7, 2)","(0, 2)",8
12,26,5,0,0,1,12, {1},12,{1},"(5, 0, 0)","(0, 3)",12
12,27,4,0,0,1,12, {1},12,{1},"(4, 0, 0)","(0, 3)",12
12,28,10,0,0,1,12, {1},12,{1},"(10, 0, 0)","(0, 3)",12
12,29,54,6,1,1,14, {1},14,{1},"(54, 6, 1)","(2, 3)",14
12,30,3,0,0,1,12, {1},12,{1},"(3, 0, 0)","(0, 3)",12
12,31,45,3,2,1,14, {1},14,{1},"(45, 3, 2)","(2, 3)",14
12,32,28,1,2,1,5, {3},5,{3},"(28, 1, 2)","(1, 1)",5
12,33,17,4,1,1,8, {1},8,{1},"(17, 4, 1)","(0, 2)",8
12,34,57,1,2,1,6, {3},6,{3},"(57, 1, 2)","(2, 1)",6
12,35,77,6,1,1,15, {1},15,{1},"(77, 6, 1)","(3, 3)",15
12,36,5,0,0,1,12, {1},12,{1},"(5, 0, 0)","(0, 3)",12
12,37,80,5,1,1,11, {4},11,{4},"(80, 5, 1)","(3, 2)",11
12,38,16,1,2,1,4, {0},4,{0},"(16, 1, 2)","(0, 1)",4
12,39,57,7,2,1,10, {2},10,{2},"(57, 7, 2)","(2, 2)",10
12,40,21,7,1,1,8, {1},8,{1},"(21, 7, 1)","(0, 2)",8
12,41,56,4,2,2,10, {2},10,{2},"(56, 4, 2)","(2, 2)",10
12,42,64,5,2,2,10, {2},10,{2},"(64, 5, 2)","(2, 2)",10
12,43,38,2,2,2,1, {2},1,{2},"(38, 2, 2)","(1, 0)",1
12,44,79,1,1,2,7, {2},7,{2},"(79, 1, 1)","(3, 1)",7
12,45,57,7,2,2,10, {2},10,{2},"(57, 7, 2)","(2, 2)",10
12,46,65,1,2,2,7, {2},7,{2},"(65, 1, 2)","(3, 1)",7
12,47,5,0,0,2,12, {1},12,{1},"(5, 0, 0)","(0, 3)",12
12,48,76,5,1,2,11, {4},11,{4},"(76, 5, 1)","(3, 2)",11
12,49,49,1,2,2,6, {3},6,{3},"(49, 1, 2)","(2, 1)",6
12,50,37,2,2,2,1, {2},1,{2},"(37, 2, 2)","(1, 0)",1
12,51,2,0,0,2,12, {1},12,{1},"(2, 0, 0)","(0, 3)",12
12,52,41,1,2,2,6, {3},6,{3},"(41, 1, 2)","(2, 1)",6
12,53,67,1,1,2,7, {2},7,{2},"(67, 1, 1)","(3, 1)",7
12,54,67,5,1,2,11, {4},11,{4},"(67, 5, 1)","(3, 2)",11
12,55,63,5,2,2,10, {2},10,{2},"(63, 5, 2)","(2, 2)",10
12,56,85,5,1,2,11, {4},11,{4},"(85, 5, 1)","(3, 2)",11
12,57,19,1,2,2,4, {0},4,{0},"(19, 1, 2)","(0, 1)",4
12,58,70,2,1,2,3, {2},3,{2},"(70, 2, 1)","(3, 0)",3
12,59,38,1,2,2,5, {3},5,{3},"(38, 1, 2)","(1, 1)",5
12,60,56,6,1,2,14, {1},14,{1},"(56, 6, 1)","(2, 3)",14
12,61,29,1,2,3,5, {3},5,{3},"(29, 1, 2)","(1, 1)",5
12,62,26,1,2,3,5, {3},5,{3},"(26, 1, 2)","(1, 1)",5
12,63,59,1,2,3,6, {3},6,{3},"(59, 1, 2)","(2, 1)",6
12,64,63,1,1,3,6, {3},6,{3},"(63, 1, 1)","(2, 1)",6
12,65,14,0,0,3,12, {1},12,{1},"(14, 0, 0)","(0, 3)",12
12,66,22,4,2,3,8, {1},8,{1},"(22, 4, 2)","(0, 2)",8
12,67,25,7,2,3,9, {0},9,{0},"(25, 7, 2)","(1, 2)",9
12,68,18,1,2,3,4, {0},4,{0},"(18, 1, 2)","(0, 1)",4
12,69,25,1,2,3,5, {3},5,{3},"(25, 1, 2)","(1, 1)",5
12,70,46,1,2,3,6, {3},6,{3},"(46, 1, 2)","(2, 1)",6
12,71,40,1,2,3,5, {3},5,{3},"(40, 1, 2)","(1, 1)",5
12,72,29,4,2,3,9, {0},9,{0},"(29, 4, 2)","(1, 2)",9
12,73,33,1,2,3,5, {3},5,{3},"(33, 1, 2)","(1, 1)",5
12,74,4,0,0,3,12, {1},12,{1},"(4, 0, 0)","(0, 3)",12
12,75,12,0,0,3,12, {1},12,{1},"(12, 0, 0)","(0, 3)",12
12,76,51,7,2,3,10, {2},10,{2},"(51, 7, 2)","(2, 2)",10
12,77,29,1,2,3,5, {3},5,{3},"(29, 1, 2)","(1, 1)",5
12,78,7,0,0,3,12, {1},12,{1},"(7, 0, 0)","(0, 3)",12
12,79,51,1,2,3,6, {3},6,{3},"(51, 1, 2)","(2, 1)",6
12,80,41,1,2,3,6, {3},6,{3},"(41, 1, 2)","(2, 1)",6
12,81,78,5,2,4,11, {4},11,{4},"(78, 5, 2)","(3, 2)",11
12,82,60,2,2,4,2, {4},2,{4},"(60, 2, 2)","(2, 0)",2
12,83,27,1,2,4,5, {3},5,{3},"(27, 1, 2)","(1, 1)",5
12,84,65,1,2,4,7, {2},7,{2},"(65, 1, 2)","(3, 1)",7
12,85,22,1,2,4,4, {0},4,{0},"(22, 1, 2)","(0, 1)",4
12,86,42,1,2,4,6, {3},6,{3},"(42, 1, 2)","(2, 1)",6
12,87,73,5,1,4,11, {4},11,{4},"(73, 5, 1)","(3, 2)",11
12,88,45,1,2,4,6, {3},6,{3},"(45, 1, 2)","(2, 1)",6
12,89,26,1,2,4,5, {3},5,{3},"(26, 1, 2)","(1, 1)",5
12,90,76,5,1,4,11, {4},11,{4},"(76, 5, 1)","(3, 2)",11
12,91,77,5,1,4,11, {4},11,{4},"(77, 5, 1)","(3, 2)",11
12,92,27,1,2,4,5, {3},5,{3},"(27, 1, 2)","(1, 1)",5
12,93,71,1,1,4,7, {2},7,{2},"(71, 1, 1)","(3, 1)",7
12,94,70,5,1,4,11, {4},11,{4},"(70, 5, 1)","(3, 2)",11
12,95,78,5,1,4,11, {4},11,{4},"(78, 5, 1)","(3, 2)",11
12,96,67,7,1,4,11, {4},11,{4},"(67, 7, 1)","(3, 2)",11
12,97,71,5,1,4,11, {4},11,{4},"(71, 5, 1)","(3, 2)",11
12,98,66,5,1,4,11, {4},11,{4},"(66, 5, 1)","(3, 2)",11
12,99,67,5,1,4,11, {4},11,{4},"(67, 5, 1)","(3, 2)",11
12,100,61,1,2,4,6, {3},6,{3},"(61, 1, 2)","(2, 1)",6
13,1,24,1,2,0,4, {0},4,{0},"(24, 1, 2)","(0, 1)",4
13,2,58,7,2,0,10, {2},10,{2},"(58, 7, 2)","(2, 2)",10
13,3,24,1,2,0,4, {0},4,{0},"(24, 1, 2)","(0, 1)",4
13,4,40,7,2,0,9, {0},9,{0},"(40, 7, 2)","(1, 2)",9
13,5,24,1,2,0,4, {0},4,{0},"(24, 1, 2)","(0, 1)",4
13,6,26,1,2,0,5, {3},5,{3},"(26, 1, 2)","(1, 1)",5
13,7,18,7,2,0,8, {1},8,{1},"(18, 7, 2)","(0, 2)",8
13,8,4,0,0,0,12, {1},12,{1},"(4, 0, 0)","(0, 3)",12
13,9,38,3,2,0,9, {0},9,{0},"(38, 3, 2)","(1, 2)",9
13,10,12,0,0,0,12, {1},12,{1},"(12, 0, 0)","(0, 3)",12
13,11,46,7,2,0,9, {0},9,{0},"(46, 7, 2)","(1, 2)",9
13,12,26,1,2,0,5, {3},5,{3},"(26, 1, 2)","(1, 1)",5
13,13,35,7,2,0,9, {0},9,{0},"(35, 7, 2)","(1, 2)",9
13,14,19,7,2,0,8, {1},8,{1},"(19, 7, 2)","(0, 2)",8
13,15,29,4,2,0,9, {0},9,{0},"(29, 4, 2)","(1, 2)",9
13,16,24,0,2,0,12, {1},12,{1},"(24, 0, 2)","(0, 3)",12
13,17,35,1,2,0,5, {3},5,{3},"(35, 1, 2)","(1, 1)",5
13,18,48,1,2,0,5, {3},5,{3},"(48, 1, 2)","(1, 1)",5
13,19,41,1,2,0,5, {3},5,{3},"(41, 1, 2)","(1, 1)",5
13,20,10,0,0,0,12, {1},12,{1},"(10, 0, 0)","(0, 3)",12
13,21,85,5,1,1,11, {4},11,{4},"(85, 5, 1)","(3, 2)",11
13,22,74,5,1,1,11, {4},11,{4},"(74, 5, 1)","(3, 2)",11
13,23,64,5,1,1,10, {2},10,{2},"(64, 5, 1)","(2, 2)",10
13,24,73,5,1,1,11, {4},11,{4},"(73, 5, 1)","(3, 2)",11
13,25,15,7,2,1,8, {1},8,{1},"(15, 7, 2)","(0, 2)",8
13,26,5,0,0,1,12, {1},12,{1},"(5, 0, 0)","(0, 3)",12
13,27,4,0,0,1,12, {1},12,{1},"(4, 0, 0)","(0, 3)",12
13,28,10,0,0,1,12, {1},12,{1},"(10, 0, 0)","(0, 3)",12
13,29,54,6,1,1,13, {1},13,{1},"(54, 6, 1)","(1, 3)",13
13,30,3,0,0,1,12, {1},12,{1},"(3, 0, 0)","(0, 3)",12
13,31,45,3,2,1,9, {0},9,{0},"(45, 3, 2)","(1, 2)",9
13,32,28,1,2,1,5, {3},5,{3},"(28, 1, 2)","(1, 1)",5
13,33,17,4,1,1,8, {1},8,{1},"(17, 4, 1)","(0, 2)",8
13,34,57,1,2,1,6, {3},6,{3},"(57, 1, 2)","(2, 1)",6
13,35,77,6,1,1,15, {1},15,{1},"(77, 6, 1)","(3, 3)",15
13,36,5,0,0,1,12, {1},12,{1},"(5, 0, 0)","(0, 3)",12
13,37,80,5,1,1,11, {4},11,{4},"(80, 5, 1)","(3, 2)",11
13,38,16,1,2,1,4, {0},4,{0},"(16, 1, 2)","(0, 1)",4
13,39,57,7,2,1,10, {2},10,{2},"(57, 7, 2)","(2, 2)",10
13,40,21,7,1,1,8, {1},8,{1},"(21, 7, 1)","(0, 2)",8
13,41,56,4,2,2,10, {2},10,{2},"(56, 4, 2)","(2, 2)",10
13,42,64,5,2,2,10, {2},10,{2},"(64, 5, 2)","(2, 2)",10
13,43,38,2,2,2,1, {2},1,{2},"(38, 2, 2)","(1, 0)",1
13,44,79,1,1,2,7, {2},7,{2},"(79, 1, 1)","(3, 1)",7
13,45,57,7,2,2,10, {2},10,{2},"(57, 7, 2)","(2, 2)",10
13,46,65,1,2,2,7, {2},7,{2},"(65, 1, 2)","(3, 1)",7
13,47,5,0,0,2,12, {1},12,{1},"(5, 0, 0)","(0, 3)",12
13,48,76,5,1,2,11, {4},11,{4},"(76, 5, 1)","(3, 2)",11
13,49,49,1,2,2,5, {3},5,{3},"(49, 1, 2)","(1, 1)",5
13,50,37,2,2,2,1, {2},1,{2},"(37, 2, 2)","(1, 0)",1
13,51,2,0,0,2,12, {1},12,{1},"(2, 0, 0)","(0, 3)",12
13,52,41,1,2,2,5, {3},5,{3},"(41, 1, 2)","(1, 1)",5
13,53,67,1,1,2,7, {2},7,{2},"(67, 1, 1)","(3, 1)",7
13,54,67,5,1,2,11, {4},11,{4},"(67, 5, 1)","(3, 2)",11
13,55,63,5,2,2,10, {2},10,{2},"(63, 5, 2)","(2, 2)",10
13,56,85,5,1,2,11, {4},11,{4},"(85, 5, 1)","(3, 2)",11
13,57,19,1,2,2,4, {0},4,{0},"(19, 1, 2)","(0, 1)",4
13,58,70,2,1,2,3, {2},3,{2},"(70, 2, 1)","(3, 0)",3
13,59,38,1,2,2,5, {3},5,{3},"(38, 1, 2)","(1, 1)",5
13,60,56,6,1,2,14, {2},14,{2},"(56, 6, 1)","(2, 3)",14
13,61,29,1,2,3,5, {3},5,{3},"(29, 1, 2)","(1, 1)",5
13,62,26,1,2,3,5, {3},5,{3},"(26, 1, 2)","(1, 1)",5
13,63,59,1,2,3,6, {3},6,{3},"(59, 1, 2)","(2, 1)",6
13,64,63,1,1,3,6, {3},6,{3},"(63, 1, 1)","(2, 1)",6
13,65,14,0,0,3,12, {1},12,{1},"(14, 0, 0)","(0, 3)",12
13,66,22,4,2,3,8, {1},8,{1},"(22, 4, 2)","(0, 2)",8
13,67,25,7,2,3,9, {0},9,{0},"(25, 7, 2)","(1, 2)",9
13,68,18,1,2,3,4, {0},4,{0},"(18, 1, 2)","(0, 1)",4
13,69,25,1,2,3,5, {3},5,{3},"(25, 1, 2)","(1, 1)",5
13,70,46,1,2,3,5, {3},5,{3},"(46, 1, 2)","(1, 1)",5
13,71,40,1,2,3,5, {3},5,{3},"(40, 1, 2)","(1, 1)",5
13,72,29,4,2,3,9, {0},9,{0},"(29, 4, 2)","(1, 2)",9
13,73,33,1,2,3,5, {3},5,{3},"(33, 1, 2)","(1, 1)",5
13,74,4,0,0,3,12, {1},12,{1},"(4, 0, 0)","(0, 3)",12
13,75,12,0,0,3,12, {1},12,{1},"(12, 0, 0)","(0, 3)",12
13,76,51,7,2,3,9, {0},9,{0},"(51, 7, 2)","(1, 2)",9
13,77,29,1,2,3,5, {3},5,{3},"(29, 1, 2)","(1, 1)",5
13,78,7,0,0,3,12, {1},12,{1},"(7, 0, 0)","(0, 3)",12
13,79,51,1,2,3,5, {3},5,{3},"(51, 1, 2)","(1, 1)",5
13,80,41,1,2,3,5, {3},5,{3},"(41, 1, 2)","(1, 1)",5
13,81,78,5,2,4,11, {4},11,{4},"(78, 5, 2)","(3, 2)",11
13,82,60,2,2,4,2, {4},2,{4},"(60, 2, 2)","(2, 0)",2
13,83,27,1,2,4,5, {3},5,{3},"(27, 1, 2)","(1, 1)",5
13,84,65,1,2,4,7, {2},7,{2},"(65, 1, 2)","(3, 1)",7
13,85,22,1,2,4,4, {0},4,{0},"(22, 1, 2)","(0, 1)",4
13,86,42,1,2,4,5, {3},5,{3},"(42, 1, 2)","(1, 1)",5
13,87,73,5,1,4,11, {4},11,{4},"(73, 5, 1)","(3, 2)",11
13,88,45,1,2,4,5, {3},5,{3},"(45, 1, 2)","(1, 1)",5
13,89,26,1,2,4,5, {3},5,{3},"(26, 1, 2)","(1, 1)",5
13,90,76,5,1,4,11, {4},11,{4},"(76, 5, 1)","(3, 2)",11
13,91,77,5,1,4,11, {4},11,{4},"(77, 5, 1)","(3, 2)",11
13,92,27,1,2,4,5, {3},5,{3},"(27, 1, 2)","(1, 1)",5
13,93,71,1,1,4,7, {2},7,{2},"(71, 1, 1)","(3, 1)",7
13,94,70,5,1,4,11, {4},11,{4},"(70, 5, 1)","(3, 2)",11
13,95,78,5,1,4,11, {4},11,{4},"(78, 5, 1)","(3, 2)",11
13,96,67,7,1,4,11, {4},11,{4},"(67, 7, 1)","(3, 2)",11
13,97,71,5,1,4,11, {4},11,{4},"(71, 5, 1)","(3, 2)",11
13,98,66,5,1,4,11, {4},11,{4},"(66, 5, 1)","(3, 2)",11
13,99,67,5,1,4,11, {4},11,{4},"(67, 5, 1)","(3, 2)",11
13,100,61,1,2,4,6, {3},6,{3},"(61, 1, 2)","(2, 1)",6
14,1,24,1,2,0,4, {0},4,{0},"(24, 1, 2)","(0, 1)",4
14,2,58,7,2,0,10, {2},10,{2},"(58, 7, 2)","(2, 2)",10
14,3,24,1,2,0,4, {0},4,{0},"(24, 1, 2)","(0, 1)",4
14,4,40,7,2,0,9, {0},9,{0},"(40, 7, 2)","(1, 2)",9
14,5,24,1,2,0,4, {0},4,{0},"(24, 1, 2)","(0, 1)",4
14,6,26,1,2,0,5, {3},5,{3},"(26, 1, 2)","(1, 1)",5
14,7,18,7,2,0,8, {1},8,{1},"(18, 7, 2)","(0, 2)",8
14,8,4,0,0,0,12, {1},12,{1},"(4, 0, 0)","(0, 3)",12
14,9,38,3,2,0,9, {0},9,{0},"(38, 3, 2)","(1, 2)",9
14,10,12,0,0,0,12, {1},12,{1},"(12, 0, 0)","(0, 3)",12
14,11,46,7,2,0,9, {0},9,{0},"(46, 7, 2)","(1, 2)",9
14,12,26,1,2,0,5, {3},5,{3},"(26, 1, 2)","(1, 1)",5
14,13,35,7,2,0,9, {0},9,{0},"(35, 7, 2)","(1, 2)",9
14,14,19,7,2,0,8, {1},8,{1},"(19, 7, 2)","(0, 2)",8
14,15,29,4,2,0,9, {0},9,{0},"(29, 4, 2)","(1, 2)",9
14,16,24,0,2,0,12, {1},12,{1},"(24, 0, 2)","(0, 3)",12
14,17,35,1,2,0,5, {3},5,{3},"(35, 1, 2)","(1, 1)",5
14,18,48,1,2,0,5, {3},5,{3},"(48, 1, 2)","(1, 1)",5
14,19,41,1,2,0,5, {3},5,{3},"(41, 1, 2)","(1, 1)",5
14,20,10,0,0,0,12, {1},12,{1},"(10, 0, 0)","(0, 3)",12
14,21,85,5,1,1,11, {4},11,{4},"(85, 5, 1)","(3, 2)",11
14,22,74,5,1,1,11, {4},11,{4},"(74, 5, 1)","(3, 2)",11
14,23,64,5,1,1,10, {2},10,{2},"(64, 5, 1)","(2, 2)",10
14,24,73,5,1,1,11, {4},11,{4},"(73, 5, 1)","(3, 2)",11
14,25,15,7,2,1,8, {1},8,{1},"(15, 7, 2)","(0, 2)",8
14,26,5,0,0,1,12, {1},12,{1},"(5, 0, 0)","(0, 3)",12
14,27,4,0,0,1,12, {1},12,{1},"(4, 0, 0)","(0, 3)",12
14,28,10,0,0,1,12, {1},12,{1},"(10, 0, 0)","(0, 3)",12
14,29,54,6,1,1,13, {1},13,{1},"(54, 6, 1)","(1, 3)",13
14,30,3,0,0,1,12, {1},12,{1},"(3, 0, 0)","(0, 3)",12
14,31,45,3,2,1,9, {0},9,{0},"(45, 3, 2)","(1, 2)",9
14,32,28,1,2,1,5, {3},5,{3},"(28, 1, 2)","(1, 1)",5
14,33,17,4,1,1,8, {1},8,{1},"(17, 4, 1)","(0, 2)",8
14,34,57,1,2,1,6, {3},6,{3},"(57, 1, 2)","(2, 1)",6
14,35,77,6,1,1,15, {1},15,{1},"(77, 6, 1)","(3, 3)",15
14,36,5,0,0,1,12, {1},12,{1},"(5, 0, 0)","(0, 3)",12
14,37,80,5,1,1,11, {4},11,{4},"(80, 5, 1)","(3, 2)",11
14,38,16,1,2,1,4, {0},4,{0},"(16, 1, 2)","(0, 1)",4
14,39,57,7,2,1,10, {2},10,{2},"(57, 7, 2)","(2, 2)",10
14,40,21,7,1,1,8, {1},8,{1},"(21, 7, 1)","(0, 2)",8
14,41,56,4,2,2,10, {2},10,{2},"(56, 4, 2)","(2, 2)",10
14,42,64,5,2,2,10, {2},10,{2},"(64, 5, 2)","(2, 2)",10
14,43,38,2,2,2,1, {2},1,{2},"(38, 2, 2)","(1, 0)",1
14,44,79,1,1,2,7, {2},7,{2},"(79, 1, 1)","(3, 1)",7
14,45,57,7,2,2,10, {2},10,{2},"(57, 7, 2)","(2, 2)",10
14,46,65,1,2,2,7, {2},7,{2},"(65, 1, 2)","(3, 1)",7
14,47,5,0,0,2,12, {1},12,{1},"(5, 0, 0)","(0, 3)",12
14,48,76,5,1,2,11, {4},11,{4},"(76, 5, 1)","(3, 2)",11
14,49,49,1,2,2,5, {3},5,{3},"(49, 1, 2)","(1, 1)",5
14,50,37,2,2,2,1, {2},1,{2},"(37, 2, 2)","(1, 0)",1
14,51,2,0,0,2,12, {1},12,{1},"(2, 0, 0)","(0, 3)",12
14,52,41,1,2,2,5, {3},5,{3},"(41, 1, 2)","(1, 1)",5
14,53,67,1,1,2,7, {2},7,{2},"(67, 1, 1)","(3, 1)",7
14,54,67,5,1,2,11, {4},11,{4},"(67, 5, 1)","(3, 2)",11
14,55,63,5,2,2,10, {2},10,{2},"(63, 5, 2)","(2, 2)",10
14,56,85,5,1,2,11, {4},11,{4},"(85, 5, 1)","(3, 2)",11
14,57,19,1,2,2,4, {0},4,{0},"(19, 1, 2)","(0, 1)",4
14,58,70,2,1,2,3, {2},3,{2},"(70, 2, 1)","(3, 0)",3
14,59,38,1,2,2,5, {3},5,{3},"(38, 1, 2)","(1, 1)",5
14,60,56,6,1,2,14, {2},14,{2},"(56, 6, 1)","(2, 3)",14
14,61,29,1,2,3,5, {3},5,{3},"(29, 1, 2)","(1, 1)",5
14,62,26,1,2,3,5, {3},5,{3},"(26, 1, 2)","(1, 1)",5
14,63,59,1,2,3,6, {3},6,{3},"(59, 1, 2)","(2, 1)",6
14,64,63,1,1,3,6, {3},6,{3},"(63, 1, 1)","(2, 1)",6
14,65,14,0,0,3,12, {1},12,{1},"(14, 0, 0)","(0, 3)",12
14,66,22,4,2,3,8, {1},8,{1},"(22, 4, 2)","(0, 2)",8
14,67,25,7,2,3,9, {0},9,{0},"(25, 7, 2)","(1, 2)",9
14,68,18,1,2,3,4, {0},4,{0},"(18, 1, 2)","(0, 1)",4
14,69,25,1,2,3,5, {3},5,{3},"(25, 1, 2)","(1, 1)",5
14,70,46,1,2,3,5, {3},5,{3},"(46, 1, 2)","(1, 1)",5
14,71,40,1,2,3,5, {3},5,{3},"(40, 1, 2)","(1, 1)",5
14,72,29,4,2,3,9, {0},9,{0},"(29, 4, 2)","(1, 2)",9
14,73,33,1,2,3,5, {3},5,{3},"(33, 1, 2)","(1, 1)",5
14,74,4,0,0,3,12, {1},12,{1},"(4, 0, 0)","(0, 3)",12
14,75,12,0,0,3,12, {1},12,{1},"(12, 0, 0)","(0, 3)",12
14,76,51,7,2,3,9, {0},9,{0},"(51, 7, 2)","(1, 2)",9
14,77,29,1,2,3,5, {3},5,{3},"(29, 1, 2)","(1, 1)",5
14,78,7,0,0,3,12, {1},12,{1},"(7, 0, 0)","(0, 3)",12
14,79,51,1,2,3,5, {3},5,{3},"(51, 1, 2)","(1, 1)",5
14,80,41,1,2,3,5, {3},5,{3},"(41, 1, 2)","(1, 1)",5
14,81,78,5,2,4,11, {4},11,{4},"(78, 5, 2)","(3, 2)",11
14,82,60,2,2,4,2, {4},2,{4},"(60, 2, 2)","(2, 0)",2
14,83,27,1,2,4,5, {3},5,{3},"(27, 1, 2)","(1, 1)",5
14,84,65,1,2,4,7, {2},7,{2},"(65, 1, 2)","(3, 1)",7
14,85,22,1,2,4,4, {0},4,{0},"(22, 1, 2)","(0, 1)",4
14,86,42,1,2,4,5, {3},5,{3},"(42, 1, 2)","(1, 1)",5
14,87,73,5,1,4,11, {4},11,{4},"(73, 5, 1)","(3, 2)",11
14,88,45,1,2,4,5, {3},5,{3},"(45, 1, 2)","(1, 1)",5
14,89,26,1,2,4,5, {3},5,{3},"(26, 1, 2)","(1, 1)",5
14,90,76,5,1,4,11, {4},11,{4},"(76, 5, 1)","(3, 2)",11
14,91,77,5,1,4,11, {4},11,{4},"(77, 5, 1)","(3, 2)",11
14,92,27,1,2,4,5, {3},5,{3},"(27, 1, 2)","(1, 1)",5
14,93,71,1,1,4,7, {2},7,{2},"(71, 1, 1)","(3, 1)",7
14,94,70,5,1,4,11, {4},11,{4},"(70, 5, 1)","(3, 2)",11
14,95,78,5,1,4,11, {4},11,{4},"(78, 5, 1)","(3, 2)",11
14,96,67,7,1,4,11, {4},11,{4},"(67, 7, 1)","(3, 2)",11
14,97,71,5,1,4,11, {4},11,{4},"(71, 5, 1)","(3, 2)",11
14,98,66,5,1,4,11, {4},11,{4},"(66, 5, 1)","(3, 2)",11
14,99,67,5,1,4,11, {4},11,{4},"(67, 5, 1)","(3, 2)",11
14,100,61,1,2,4,6, {3},6,{3},"(61, 1, 2)","(2, 1)",6
15,1,24,1,2,0,4, {0},4,{0},"(24, 1, 2)","(0, 1)",4
15,2,58,7,2,0,10, {2},10,{2},"(58, 7, 2)","(2, 2)",10
15,3,24,1,2,0,4, {0},4,{0},"(24, 1, 2)","(0, 1)",4
15,4,40,7,2,0,9, {0},9,{0},"(40, 7, 2)","(1, 2)",9
15,5,24,1,2,0,4, {0},4,{0},"(24, 1, 2)","(0, 1)",4
15,6,26,1,2,0,5, {3},5,{3},"(26, 1, 2)","(1, 1)",5
15,7,18,7,2,0,8, {1},8,{1},"(18, 7, 2)","(0, 2)",8
15,8,4,0,0,0,12, {1},12,{1},"(4, 0, 0)","(0, 3)",12
15,9,38,3,2,0,9, {0},9,{0},"(38, 3, 2)","(1, 2)",9
15,10,12,0,0,0,12, {1},12,{1},"(12, 0, 0)","(0, 3)",12
15,11,46,7,2,0,9, {0},9,{0},"(46, 7, 2)","(1, 2)",9
15,12,26,1,2,0,5, {3},5,{3},"(26, 1, 2)","(1, 1)",5
15,13,35,7,2,0,9, {0},9,{0},"(35, 7, 2)","(1, 2)",9
15,14,19,7,2,0,8, {1},8,{1},"(19, 7, 2)","(0, 2)",8
15,15,29,4,2,0,9, {0},9,{0},"(29, 4, 2)","(1, 2)",9
15,16,24,0,2,0,12, {1},12,{1},"(24, 0, 2)","(0, 3)",12
15,17,35,1,2,0,5, {3},5,{3},"(35, 1, 2)","(1, 1)",5
15,18,48,1,2,0,5, {3},5,{3},"(48, 1, 2)","(1, 1)",5
15,19,41,1,2,0,5, {3},5,{3},"(41, 1, 2)","(1, 1)",5
15,20,10,0,0,0,12, {1},12,{1},"(10, 0, 0)","(0, 3)",12
15,21,85,5,1,1,11, {4},11,{4},"(85, 5, 1)","(3, 2)",11
15,22,74,5,1,1,11, {4},11,{4},"(74, 5, 1)","(3, 2)",11
15,23,64,5,1,1,10, {2},10,{2},"(64, 5, 1)","(2, 2)",10
15,24,73,5,1,1,11, {4},11,{4},"(73, 5, 1)","(3, 2)",11
15,25,15,7,2,1,8, {1},8,{1},"(15, 7, 2)","(0, 2)",8
15,26,5,0,0,1,12, {1},12,{1},"(5, 0, 0)","(0, 3)",12
15,27,4,0,0,1,12, {1},12,{1},"(4, 0, 0)","(0, 3)",12
15,28,10,0,0,1,12, {1},12,{1},"(10, 0, 0)","(0, 3)",12
15,29,54,6,1,1,13, {1},13,{1},"(54, 6, 1)","(1, 3)",13
15,30,3,0,0,1,12, {1},12,{1},"(3, 0, 0)","(0, 3)",12
15,31,45,3,2,1,9, {0},9,{0},"(45, 3, 2)","(1, 2)",9
15,32,28,1,2,1,5, {3},5,{3},"(28, 1, 2)","(1, 1)",5
15,33,17,4,1,1,8, {1},8,{1},"(17, 4, 1)","(0, 2)",8
15,34,57,1,2,1,6, {3},6,{3},"(57, 1, 2)","(2, 1)",6
15,35,77,6,1,1,15, {1},15,{1},"(77, 6, 1)","(3, 3)",15
15,36,5,0,0,1,12, {1},12,{1},"(5, 0, 0)","(0, 3)",12
15,37,80,5,1,1,11, {4},11,{4},"(80, 5, 1)","(3, 2)",11
15,38,16,1,2,1,4, {0},4,{0},"(16, 1, 2)","(0, 1)",4
15,39,57,7,2,1,10, {2},10,{2},"(57, 7, 2)","(2, 2)",10
15,40,21,7,1,1,8, {1},8,{1},"(21, 7, 1)","(0, 2)",8
15,41,56,4,2,2,10, {2},10,{2},"(56, 4, 2)","(2, 2)",10
15,42,64,5,2,2,10, {2},10,{2},"(64, 5, 2)","(2, 2)",10
15,43,38,2,2,2,1, {2},1,{2},"(38, 2, 2)","(1, 0)",1
15,44,79,1,1,2,7, {2},7,{2},"(79, 1, 1)","(3, 1)",7
15,45,57,7,2,2,10, {2},10,{2},"(57, 7, 2)","(2, 2)",10
15,46,65,1,2,2,7, {2},7,{2},"(65, 1, 2)","(3, 1)",7
15,47,5,0,0,2,12, {1},12,{1},"(5, 0, 0)","(0, 3)",12
15,48,76,5,1,2,11, {4},11,{4},"(76, 5, 1)","(3, 2)",11
15,49,49,1,2,2,5, {3},5,{3},"(49, 1, 2)","(1, 1)",5
15,50,37,2,2,2,1, {2},1,{2},"(37, 2, 2)","(1, 0)",1
15,51,2,0,0,2,12, {1},12,{1},"(2, 0, 0)","(0, 3)",12
15,52,41,1,2,2,5, {3},5,{3},"(41, 1, 2)","(1, 1)",5
15,53,67,1,1,2,7, {2},7,{2},"(67, 1, 1)","(3, 1)",7
15,54,67,5,1,2,11, {4},11,{4},"(67, 5, 1)","(3, 2)",11
15,55,63,5,2,2,10, {2},10,{2},"(63, 5, 2)","(2, 2)",10
15,56,85,5,1,2,11, {4},11,{4},"(85, 5, 1)","(3, 2)",11
15,57,19,1,2,2,4, {0},4,{0},"(19, 1, 2)","(0, 1)",4
15,58,70,2,1,2,3, {2},3,{2},"(70, 2, 1)","(3, 0)",3
15,59,38,1,2,2,5, {3},5,{3},"(38, 1, 2)","(1, 1)",5
15,60,56,6,1,2,14, {2},14,{2},"(56, 6, 1)","(2, 3)",14
15,61,29,1,2,3,5, {3},5,{3},"(29, 1, 2)","(1, 1)",5
15,62,26,1,2,3,5, {3},5,{3},"(26, 1, 2)","(1, 1)",5
15,63,59,1,2,3,6, {3},6,{3},"(59, 1, 2)","(2, 1)",6
15,64,63,1,1,3,6, {3},6,{3},"(63, 1, 1)","(2, 1)",6
15,65,14,0,0,3,12, {1},12,{1},"(14, 0, 0)","(0, 3)",12
15,66,22,4,2,3,8, {1},8,{1},"(22, 4, 2)","(0, 2)",8
15,67,25,7,2,3,9, {0},9,{0},"(25, 7, 2)","(1, 2)",9
15,68,18,1,2,3,4, {0},4,{0},"(18, 1, 2)","(0, 1)",4
15,69,25,1,2,3,5, {3},5,{3},"(25, 1, 2)","(1, 1)",5
15,70,46,1,2,3,5, {3},5,{3},"(46, 1, 2)","(1, 1)",5
15,71,40,1,2,3,5, {3},5,{3},"(40, 1, 2)","(1, 1)",5
15,72,29,4,2,3,9, {0},9,{0},"(29, 4, 2)","(1, 2)",9
15,73,33,1,2,3,5, {3},5,{3},"(33, 1, 2)","(1, 1)",5
15,74,4,0,0,3,12, {1},12,{1},"(4, 0, 0)","(0, 3)",12
15,75,12,0,0,3,12, {1},12,{1},"(12, 0, 0)","(0, 3)",12
15,76,51,7,2,3,9, {0},9,{0},"(51, 7, 2)","(1, 2)",9
15,77,29,1,2,3,5, {3},5,{3},"(29, 1, 2)","(1, 1)",5
15,78,7,0,0,3,12, {1},12,{1},"(7, 0, 0)","(0, 3)",12
15,79,51,1,2,3,5, {3},5,{3},"(51, 1, 2)","(1, 1)",5
15,80,41,1,2,3,5, {3},5,{3},"(41, 1, 2)","(1, 1)",5
15,81,78,5,2,4,11, {4},11,{4},"(78, 5, 2)","(3, 2)",11
15,82,60,2,2,4,2, {4},2,{4},"(60, 2, 2)","(2, 0)",2
15,83,27,1,2,4,5, {3},5,{3},"(27, 1, 2)","(1, 1)",5
15,84,65,1,2,4,7, {2},7,{2},"(65, 1, 2)","(3, 1)",7
15,85,22,1,2,4,4, {0},4,{0},"(22, 1, 2)","(0, 1)",4
15,86,42,1,2,4,5, {3},5,{3},"(42, 1, 2)","(1, 1)",5
15,87,73,5,1,4,11, {4},11,{4},"(73, 5, 1)","(3, 2)",11
15,88,45,1,2,4,5, {3},5,{3},"(45, 1, 2)","(1, 1)",5
15,89,26,1,2,4,5, {3},5,{3},"(26, 1, 2)","(1, 1)",5
15,90,76,5,1,4,11, {4},11,{4},"(76, 5, 1)","(3, 2)",11
15,91,77,5,1,4,11, {4},11,{4},"(77, 5, 1)","(3, 2)",11
15,92,27,1,2,4,5, {3},5,{3},"(27, 1, 2)","(1, 1)",5
15,93,71,1,1,4,7, {2},7,{2},"(71, 1, 1)","(3, 1)",7
15,94,70,5,1,4,11, {4},11,{4},"(70, 5, 1)","(3, 2)",11
15,95,78,5,1,4,11, {4},11,{4},"(78, 5, 1)","(3, 2)",11
15,96,67,7,1,4,11, {4},11,{4},"(67, 7, 1)","(3, 2)",11
15,97,71,5,1,4,11, {4},11,{4},"(71, 5, 1)","(3, 2)",11
15,98,66,5,1,4,11, {4},11,{4},"(66, 5, 1)","(3, 2)",11
15,99,67,5,1,4,11, {4},11,{4},"(67, 5, 1)","(3, 2)",11
15,100,61,1,2,4,6, {3},6,{3},"(61, 1, 2)","(2, 1)",6
